audio_path,text,split
/Users/aayanmapara/Hackathons/villagehacks/backend/audio_gen/output/run_5x_v3/telephony/clip_0001_clean.wav,"Hi, um, I take metformin, I think it’s either 50 mg or maybe 15 mg twice daily, I’m not completely sure, and lately I’ve been feeling kind of dizzy and lightheaded, so I wanted to check if I should keep taking it or adjust the dose.",train
/Users/aayanmapara/Hackathons/villagehacks/backend/audio_gen/output/run_5x_v3/telephony_rich_noisy/clip_0001_noisy_med.wav,"Hi, um, I take metformin, I think it’s either 50 mg or maybe 15 mg twice daily, I’m not completely sure, and lately I’ve been feeling kind of dizzy and lightheaded, so I wanted to check if I should keep taking it or adjust the dose.",train
/Users/aayanmapara/Hackathons/villagehacks/backend/audio_gen/output/run_5x_v3/telephony_rich_noisy/clip_0001_noisy_high.wav,"Hi, um, I take metformin, I think it’s either 50 mg or maybe 15 mg twice daily, I’m not completely sure, and lately I’ve been feeling kind of dizzy and lightheaded, so I wanted to check if I should keep taking it or adjust the dose.",val
/Users/aayanmapara/Hackathons/villagehacks/backend/audio_gen/output/run_5x_v3/telephony/clip_0002_clean.wav,"Hello, I need a refill for lisinopril, I believe it’s 10 milligrams, but it might be 15, I’m not totally sure, once a day, and I only have like 5 or maybe 9 pills left, so I wanted to get that sorted out.",train
/Users/aayanmapara/Hackathons/villagehacks/backend/audio_gen/output/run_5x_v3/telephony_rich_noisy/clip_0001_medical.wav,"Hi, um, I take metformin, I think it’s either 50 mg or maybe 15 mg twice daily, I’m not completely sure, and lately I’ve been feeling kind of dizzy and lightheaded, so I wanted to check if I should keep taking it or adjust the dose.",test
/Users/aayanmapara/Hackathons/villagehacks/backend/audio_gen/output/run_5x_v3/telephony/clip_0001_accented.wav,"Hi, um, I take metformin, I think it’s either 50 mg or maybe 15 mg twice daily, I’m not completely sure, and lately I’ve been feeling kind of dizzy and lightheaded, so I wanted to check if I should keep taking it or adjust the dose.",train
/Users/aayanmapara/Hackathons/villagehacks/backend/audio_gen/output/run_5x_v3/telephony_rich_noisy/clip_0002_noisy_high.wav,"Hello, I need a refill for lisinopril, I believe it’s 10 milligrams, but it might be 15, I’m not totally sure, once a day, and I only have like 5 or maybe 9 pills left, so I wanted to get that sorted out.",val
/Users/aayanmapara/Hackathons/villagehacks/backend/audio_gen/output/run_5x_v3/telephony_rich_noisy/clip_0002_noisy_med.wav,"Hello, I need a refill for lisinopril, I believe it’s 10 milligrams, but it might be 15, I’m not totally sure, once a day, and I only have like 5 or maybe 9 pills left, so I wanted to get that sorted out.",train
/Users/aayanmapara/Hackathons/villagehacks/backend/audio_gen/output/run_5x_v3/telephony/clip_0002_accented.wav,"Hello, I need a refill for lisinopril, I believe it’s 10 milligrams, but it might be 15, I’m not totally sure, once a day, and I only have like 5 or maybe 9 pills left, so I wanted to get that sorted out.",train
/Users/aayanmapara/Hackathons/villagehacks/backend/audio_gen/output/run_5x_v3/telephony/clip_0003_clean.wav,"So I’m taking amlodipine in the morning and atorvastatin at night, and I think the amlodipine is 5 mg, or maybe 9 mg, I might be mixing that up, but I’m running low and need a refill.",train
/Users/aayanmapara/Hackathons/villagehacks/backend/audio_gen/output/run_5x_v3/telephony_rich_noisy/clip_0003_noisy_med.wav,"So I’m taking amlodipine in the morning and atorvastatin at night, and I think the amlodipine is 5 mg, or maybe 9 mg, I might be mixing that up, but I’m running low and need a refill.",train
/Users/aayanmapara/Hackathons/villagehacks/backend/audio_gen/output/run_5x_v3/telephony_rich_noisy/clip_0003_noisy_high.wav,"So I’m taking amlodipine in the morning and atorvastatin at night, and I think the amlodipine is 5 mg, or maybe 9 mg, I might be mixing that up, but I’m running low and need a refill.",val
/Users/aayanmapara/Hackathons/villagehacks/backend/audio_gen/output/run_5x_v3/telephony/clip_0003_accented.wav,"So I’m taking amlodipine in the morning and atorvastatin at night, and I think the amlodipine is 5 mg, or maybe 9 mg, I might be mixing that up, but I’m running low and need a refill.",train
/Users/aayanmapara/Hackathons/villagehacks/backend/audio_gen/output/run_5x_v3/telephony/clip_0004_clean.wav,"Hi, I think I ran out of metoprolol yesterday, and I might have missed a dose, it’s either 25 or 50 milligrams, I can’t remember exactly, so I wanted to ask if I can refill it.",train
/Users/aayanmapara/Hackathons/villagehacks/backend/audio_gen/output/run_5x_v3/telephony_rich_noisy/clip_0004_noisy_med.wav,"Hi, I think I ran out of metoprolol yesterday, and I might have missed a dose, it’s either 25 or 50 milligrams, I can’t remember exactly, so I wanted to ask if I can refill it.",train
/Users/aayanmapara/Hackathons/villagehacks/backend/audio_gen/output/run_5x_v3/telephony_rich_noisy/clip_0002_medical.wav,"Hello, I need a refill for lisinopril, I believe it’s 10 milligrams, but it might be 15, I’m not totally sure, once a day, and I only have like 5 or maybe 9 pills left, so I wanted to get that sorted out.",test
/Users/aayanmapara/Hackathons/villagehacks/backend/audio_gen/output/run_5x_v3/telephony_rich_noisy/clip_0004_noisy_high.wav,"Hi, I think I ran out of metoprolol yesterday, and I might have missed a dose, it’s either 25 or 50 milligrams, I can’t remember exactly, so I wanted to ask if I can refill it.",val
/Users/aayanmapara/Hackathons/villagehacks/backend/audio_gen/output/run_5x_v3/telephony/clip_0004_accented.wav,"Hi, I think I ran out of metoprolol yesterday, and I might have missed a dose, it’s either 25 or 50 milligrams, I can’t remember exactly, so I wanted to ask if I can refill it.",train
/Users/aayanmapara/Hackathons/villagehacks/backend/audio_gen/output/run_5x_v3/telephony/clip_0005_clean.wav,"Since my surgery last week, I’ve been taking oxycodone, I think it’s 5 mg but maybe 9 mg, and I’ve been feeling really nauseous and kind of dizzy, so I’m not sure if that’s normal or if I should switch medications.",train
/Users/aayanmapara/Hackathons/villagehacks/backend/audio_gen/output/run_5x_v3/telephony_rich_noisy/clip_0005_noisy_med.wav,"Since my surgery last week, I’ve been taking oxycodone, I think it’s 5 mg but maybe 9 mg, and I’ve been feeling really nauseous and kind of dizzy, so I’m not sure if that’s normal or if I should switch medications.",train
/Users/aayanmapara/Hackathons/villagehacks/backend/audio_gen/output/run_5x_v3/telephony_rich_noisy/clip_0003_medical.wav,"So I’m taking amlodipine in the morning and atorvastatin at night, and I think the amlodipine is 5 mg, or maybe 9 mg, I might be mixing that up, but I’m running low and need a refill.",test
/Users/aayanmapara/Hackathons/villagehacks/backend/audio_gen/output/run_5x_v3/telephony_rich_noisy/clip_0005_noisy_high.wav,"Since my surgery last week, I’ve been taking oxycodone, I think it’s 5 mg but maybe 9 mg, and I’ve been feeling really nauseous and kind of dizzy, so I’m not sure if that’s normal or if I should switch medications.",val
/Users/aayanmapara/Hackathons/villagehacks/backend/audio_gen/output/run_5x_v3/telephony/clip_0005_accented.wav,"Since my surgery last week, I’ve been taking oxycodone, I think it’s 5 mg but maybe 9 mg, and I’ve been feeling really nauseous and kind of dizzy, so I’m not sure if that’s normal or if I should switch medications.",train
/Users/aayanmapara/Hackathons/villagehacks/backend/audio_gen/output/run_5x_v3/telephony/clip_0006_clean.wav,"After the procedure, I was prescribed hydrocodone, or maybe hydroxyzine, I’m not totally sure which one, for pain, and it helps, but I feel very tired and a bit confused sometimes.",train
/Users/aayanmapara/Hackathons/villagehacks/backend/audio_gen/output/run_5x_v3/telephony_rich_noisy/clip_0004_medical.wav,"Hi, I think I ran out of metoprolol yesterday, and I might have missed a dose, it’s either 25 or 50 milligrams, I can’t remember exactly, so I wanted to ask if I can refill it.",test
/Users/aayanmapara/Hackathons/villagehacks/backend/audio_gen/output/run_5x_v3/telephony_rich_noisy/clip_0006_noisy_med.wav,"After the procedure, I was prescribed hydrocodone, or maybe hydroxyzine, I’m not totally sure which one, for pain, and it helps, but I feel very tired and a bit confused sometimes.",train
/Users/aayanmapara/Hackathons/villagehacks/backend/audio_gen/output/run_5x_v3/telephony/clip_0006_accented.wav,"After the procedure, I was prescribed hydrocodone, or maybe hydroxyzine, I’m not totally sure which one, for pain, and it helps, but I feel very tired and a bit confused sometimes.",train
/Users/aayanmapara/Hackathons/villagehacks/backend/audio_gen/output/run_5x_v3/telephony_rich_noisy/clip_0006_noisy_high.wav,"After the procedure, I was prescribed hydrocodone, or maybe hydroxyzine, I’m not totally sure which one, for pain, and it helps, but I feel very tired and a bit confused sometimes.",val
/Users/aayanmapara/Hackathons/villagehacks/backend/audio_gen/output/run_5x_v3/telephony_rich_noisy/clip_0005_medical.wav,"Since my surgery last week, I’ve been taking oxycodone, I think it’s 5 mg but maybe 9 mg, and I’ve been feeling really nauseous and kind of dizzy, so I’m not sure if that’s normal or if I should switch medications.",test
/Users/aayanmapara/Hackathons/villagehacks/backend/audio_gen/output/run_5x_v3/telephony/clip_0007_clean.wav,"I had knee surgery about ten days ago, and I’ve been alternating between ibuprofen and acetaminophen, like maybe every 6 or 16 hours, I might be saying that wrong, but the pain is still there.",train
/Users/aayanmapara/Hackathons/villagehacks/backend/audio_gen/output/run_5x_v3/telephony_rich_noisy/clip_0007_noisy_med.wav,"I had knee surgery about ten days ago, and I’ve been alternating between ibuprofen and acetaminophen, like maybe every 6 or 16 hours, I might be saying that wrong, but the pain is still there.",train
/Users/aayanmapara/Hackathons/villagehacks/backend/audio_gen/output/run_5x_v3/telephony_rich_noisy/clip_0007_noisy_high.wav,"I had knee surgery about ten days ago, and I’ve been alternating between ibuprofen and acetaminophen, like maybe every 6 or 16 hours, I might be saying that wrong, but the pain is still there.",val
/Users/aayanmapara/Hackathons/villagehacks/backend/audio_gen/output/run_5x_v3/telephony_rich_noisy/clip_0006_medical.wav,"After the procedure, I was prescribed hydrocodone, or maybe hydroxyzine, I’m not totally sure which one, for pain, and it helps, but I feel very tired and a bit confused sometimes.",test
/Users/aayanmapara/Hackathons/villagehacks/backend/audio_gen/output/run_5x_v3/telephony/clip_0007_accented.wav,"I had knee surgery about ten days ago, and I’ve been alternating between ibuprofen and acetaminophen, like maybe every 6 or 16 hours, I might be saying that wrong, but the pain is still there.",train
/Users/aayanmapara/Hackathons/villagehacks/backend/audio_gen/output/run_5x_v3/telephony/clip_0008_clean.wav,"My incision area still hurts, and I’ve been taking tramadol occasionally, maybe 50 or 15 milligrams when it gets bad, but I’m not sure if I’m taking too much.",train
/Users/aayanmapara/Hackathons/villagehacks/backend/audio_gen/output/run_5x_v3/telephony_rich_noisy/clip_0008_noisy_med.wav,"My incision area still hurts, and I’ve been taking tramadol occasionally, maybe 50 or 15 milligrams when it gets bad, but I’m not sure if I’m taking too much.",train
/Users/aayanmapara/Hackathons/villagehacks/backend/audio_gen/output/run_5x_v3/telephony_rich_noisy/clip_0008_noisy_high.wav,"My incision area still hurts, and I’ve been taking tramadol occasionally, maybe 50 or 15 milligrams when it gets bad, but I’m not sure if I’m taking too much.",val
/Users/aayanmapara/Hackathons/villagehacks/backend/audio_gen/output/run_5x_v3/telephony_rich_noisy/clip_0007_medical.wav,"I had knee surgery about ten days ago, and I’ve been alternating between ibuprofen and acetaminophen, like maybe every 6 or 16 hours, I might be saying that wrong, but the pain is still there.",test
/Users/aayanmapara/Hackathons/villagehacks/backend/audio_gen/output/run_5x_v3/telephony/clip_0008_accented.wav,"My incision area still hurts, and I’ve been taking tramadol occasionally, maybe 50 or 15 milligrams when it gets bad, but I’m not sure if I’m taking too much.",train
/Users/aayanmapara/Hackathons/villagehacks/backend/audio_gen/output/run_5x_v3/telephony_rich_noisy/clip_0009_noisy_med.wav,"Over the past few days, I’ve been feeling shortness of breath and some tightness in my chest, especially when I walk, and I’m also on metformin or maybe methotrexate, I might be mixing that up.",train
/Users/aayanmapara/Hackathons/villagehacks/backend/audio_gen/output/run_5x_v3/telephony/clip_0009_clean.wav,"Over the past few days, I’ve been feeling shortness of breath and some tightness in my chest, especially when I walk, and I’m also on metformin or maybe methotrexate, I might be mixing that up.",train
/Users/aayanmapara/Hackathons/villagehacks/backend/audio_gen/output/run_5x_v3/telephony_rich_noisy/clip_0008_medical.wav,"My incision area still hurts, and I’ve been taking tramadol occasionally, maybe 50 or 15 milligrams when it gets bad, but I’m not sure if I’m taking too much.",test
/Users/aayanmapara/Hackathons/villagehacks/backend/audio_gen/output/run_5x_v3/telephony_rich_noisy/clip_0009_noisy_high.wav,"Over the past few days, I’ve been feeling shortness of breath and some tightness in my chest, especially when I walk, and I’m also on metformin or maybe methotrexate, I might be mixing that up.",val
/Users/aayanmapara/Hackathons/villagehacks/backend/audio_gen/output/run_5x_v3/telephony/clip_0009_accented.wav,"Over the past few days, I’ve been feeling shortness of breath and some tightness in my chest, especially when I walk, and I’m also on metformin or maybe methotrexate, I might be mixing that up.",train
/Users/aayanmapara/Hackathons/villagehacks/backend/audio_gen/output/run_5x_v3/telephony/clip_0010_clean.wav,"I’ve been feeling dizzy after taking my blood pressure medication in the morning, and sometimes I feel like I might faint, especially if I take like 10 or maybe 20 milligrams.",train
/Users/aayanmapara/Hackathons/villagehacks/backend/audio_gen/output/run_5x_v3/telephony_rich_noisy/clip_0010_noisy_med.wav,"I’ve been feeling dizzy after taking my blood pressure medication in the morning, and sometimes I feel like I might faint, especially if I take like 10 or maybe 20 milligrams.",train
/Users/aayanmapara/Hackathons/villagehacks/backend/audio_gen/output/run_5x_v3/telephony_rich_noisy/clip_0010_noisy_high.wav,"I’ve been feeling dizzy after taking my blood pressure medication in the morning, and sometimes I feel like I might faint, especially if I take like 10 or maybe 20 milligrams.",val
/Users/aayanmapara/Hackathons/villagehacks/backend/audio_gen/output/run_5x_v3/telephony/clip_0010_accented.wav,"I’ve been feeling dizzy after taking my blood pressure medication in the morning, and sometimes I feel like I might faint, especially if I take like 10 or maybe 20 milligrams.",train
/Users/aayanmapara/Hackathons/villagehacks/backend/audio_gen/output/run_5x_v3/telephony_rich_noisy/clip_0009_medical.wav,"Over the past few days, I’ve been feeling shortness of breath and some tightness in my chest, especially when I walk, and I’m also on metformin or maybe methotrexate, I might be mixing that up.",test
/Users/aayanmapara/Hackathons/villagehacks/backend/audio_gen/output/run_5x_v3/telephony/clip_0011_clean.wav,"I started having headaches after I began taking prednisone, or maybe prednisolone, I’m not completely sure, and they seem to come and go throughout the day.",train
/Users/aayanmapara/Hackathons/villagehacks/backend/audio_gen/output/run_5x_v3/telephony_rich_noisy/clip_0011_noisy_med.wav,"I started having headaches after I began taking prednisone, or maybe prednisolone, I’m not completely sure, and they seem to come and go throughout the day.",train
/Users/aayanmapara/Hackathons/villagehacks/backend/audio_gen/output/run_5x_v3/telephony_rich_noisy/clip_0011_noisy_high.wav,"I started having headaches after I began taking prednisone, or maybe prednisolone, I’m not completely sure, and they seem to come and go throughout the day.",val
/Users/aayanmapara/Hackathons/villagehacks/backend/audio_gen/output/run_5x_v3/telephony/clip_0011_accented.wav,"I started having headaches after I began taking prednisone, or maybe prednisolone, I’m not completely sure, and they seem to come and go throughout the day.",train
/Users/aayanmapara/Hackathons/villagehacks/backend/audio_gen/output/run_5x_v3/telephony_rich_noisy/clip_0010_medical.wav,"I’ve been feeling dizzy after taking my blood pressure medication in the morning, and sometimes I feel like I might faint, especially if I take like 10 or maybe 20 milligrams.",test
/Users/aayanmapara/Hackathons/villagehacks/backend/audio_gen/output/run_5x_v3/telephony/clip_0012_clean.wav,"I’ve been feeling nauseous and really fatigued ever since I started taking antibiotics, maybe amoxicillin or something similar, and it’s been about 13 or 30 hours since the symptoms started.",train
/Users/aayanmapara/Hackathons/villagehacks/backend/audio_gen/output/run_5x_v3/telephony_rich_noisy/clip_0012_noisy_med.wav,"I’ve been feeling nauseous and really fatigued ever since I started taking antibiotics, maybe amoxicillin or something similar, and it’s been about 13 or 30 hours since the symptoms started.",train
/Users/aayanmapara/Hackathons/villagehacks/backend/audio_gen/output/run_5x_v3/telephony_rich_noisy/clip_0011_medical.wav,"I started having headaches after I began taking prednisone, or maybe prednisolone, I’m not completely sure, and they seem to come and go throughout the day.",test
/Users/aayanmapara/Hackathons/villagehacks/backend/audio_gen/output/run_5x_v3/telephony_rich_noisy/clip_0012_noisy_high.wav,"I’ve been feeling nauseous and really fatigued ever since I started taking antibiotics, maybe amoxicillin or something similar, and it’s been about 13 or 30 hours since the symptoms started.",val
/Users/aayanmapara/Hackathons/villagehacks/backend/audio_gen/output/run_5x_v3/telephony/clip_0012_accented.wav,"I’ve been feeling nauseous and really fatigued ever since I started taking antibiotics, maybe amoxicillin or something similar, and it’s been about 13 or 30 hours since the symptoms started.",train
/Users/aayanmapara/Hackathons/villagehacks/backend/audio_gen/output/run_5x_v3/telephony_rich_noisy/clip_0012_medical.wav,"I’ve been feeling nauseous and really fatigued ever since I started taking antibiotics, maybe amoxicillin or something similar, and it’s been about 13 or 30 hours since the symptoms started.",test
/Users/aayanmapara/Hackathons/villagehacks/backend/audio_gen/output/run_5x_v3/telephony/clip_0013_clean.wav,"I just wanted to let you know that I’m allergic to penicillin, because the last time I took it I developed a rash and some swelling, maybe after like 5 or 9 hours.",train
/Users/aayanmapara/Hackathons/villagehacks/backend/audio_gen/output/run_5x_v3/telephony_rich_noisy/clip_0013_noisy_med.wav,"I just wanted to let you know that I’m allergic to penicillin, because the last time I took it I developed a rash and some swelling, maybe after like 5 or 9 hours.",train
/Users/aayanmapara/Hackathons/villagehacks/backend/audio_gen/output/run_5x_v3/telephony_rich_noisy/clip_0013_noisy_high.wav,"I just wanted to let you know that I’m allergic to penicillin, because the last time I took it I developed a rash and some swelling, maybe after like 5 or 9 hours.",val
/Users/aayanmapara/Hackathons/villagehacks/backend/audio_gen/output/run_5x_v3/telephony/clip_0013_accented.wav,"I just wanted to let you know that I’m allergic to penicillin, because the last time I took it I developed a rash and some swelling, maybe after like 5 or 9 hours.",train
/Users/aayanmapara/Hackathons/villagehacks/backend/audio_gen/output/run_5x_v3/telephony_rich_noisy/clip_0013_medical.wav,"I just wanted to let you know that I’m allergic to penicillin, because the last time I took it I developed a rash and some swelling, maybe after like 5 or 9 hours.",test
/Users/aayanmapara/Hackathons/villagehacks/backend/audio_gen/output/run_5x_v3/telephony/clip_0014_clean.wav,"I think I had a reaction to amoxicillin, or maybe amlodipine, I might be confusing the names, but I broke out in hives a few years ago.",train
/Users/aayanmapara/Hackathons/villagehacks/backend/audio_gen/output/run_5x_v3/telephony_rich_noisy/clip_0014_noisy_med.wav,"I think I had a reaction to amoxicillin, or maybe amlodipine, I might be confusing the names, but I broke out in hives a few years ago.",train
/Users/aayanmapara/Hackathons/villagehacks/backend/audio_gen/output/run_5x_v3/telephony_rich_noisy/clip_0014_noisy_high.wav,"I think I had a reaction to amoxicillin, or maybe amlodipine, I might be confusing the names, but I broke out in hives a few years ago.",val
/Users/aayanmapara/Hackathons/villagehacks/backend/audio_gen/output/run_5x_v3/telephony/clip_0014_accented.wav,"I think I had a reaction to amoxicillin, or maybe amlodipine, I might be confusing the names, but I broke out in hives a few years ago.",train
/Users/aayanmapara/Hackathons/villagehacks/backend/audio_gen/output/run_5x_v3/telephony_rich_noisy/clip_0014_medical.wav,"I think I had a reaction to amoxicillin, or maybe amlodipine, I might be confusing the names, but I broke out in hives a few years ago.",test
/Users/aayanmapara/Hackathons/villagehacks/backend/audio_gen/output/run_5x_v3/telephony/clip_0015_clean.wav,"I might be allergic to sulfa drugs, because I remember feeling really sick and getting a rash, maybe after 15 or 50 minutes, I don’t remember exactly.",train
/Users/aayanmapara/Hackathons/villagehacks/backend/audio_gen/output/run_5x_v3/telephony_rich_noisy/clip_0015_noisy_med.wav,"I might be allergic to sulfa drugs, because I remember feeling really sick and getting a rash, maybe after 15 or 50 minutes, I don’t remember exactly.",train
/Users/aayanmapara/Hackathons/villagehacks/backend/audio_gen/output/run_5x_v3/telephony_rich_noisy/clip_0015_noisy_high.wav,"I might be allergic to sulfa drugs, because I remember feeling really sick and getting a rash, maybe after 15 or 50 minutes, I don’t remember exactly.",val
/Users/aayanmapara/Hackathons/villagehacks/backend/audio_gen/output/run_5x_v3/telephony_rich_noisy/clip_0015_medical.wav,"I might be allergic to sulfa drugs, because I remember feeling really sick and getting a rash, maybe after 15 or 50 minutes, I don’t remember exactly.",test
/Users/aayanmapara/Hackathons/villagehacks/backend/audio_gen/output/run_5x_v3/telephony/clip_0015_accented.wav,"I might be allergic to sulfa drugs, because I remember feeling really sick and getting a rash, maybe after 15 or 50 minutes, I don’t remember exactly.",train
/Users/aayanmapara/Hackathons/villagehacks/backend/audio_gen/output/run_5x_v3/telephony/clip_0016_clean.wav,"The last time I took ibuprofen, I noticed swelling in my face and hands afterward, maybe within 6 or 16 hours, so I’m wondering if that was an allergic reaction.",train
/Users/aayanmapara/Hackathons/villagehacks/backend/audio_gen/output/run_5x_v3/telephony_rich_noisy/clip_0016_noisy_high.wav,"The last time I took ibuprofen, I noticed swelling in my face and hands afterward, maybe within 6 or 16 hours, so I’m wondering if that was an allergic reaction.",val
/Users/aayanmapara/Hackathons/villagehacks/backend/audio_gen/output/run_5x_v3/telephony_rich_noisy/clip_0016_noisy_med.wav,"The last time I took ibuprofen, I noticed swelling in my face and hands afterward, maybe within 6 or 16 hours, so I’m wondering if that was an allergic reaction.",train
/Users/aayanmapara/Hackathons/villagehacks/backend/audio_gen/output/run_5x_v3/telephony/clip_0016_accented.wav,"The last time I took ibuprofen, I noticed swelling in my face and hands afterward, maybe within 6 or 16 hours, so I’m wondering if that was an allergic reaction.",train
/Users/aayanmapara/Hackathons/villagehacks/backend/audio_gen/output/run_5x_v3/telephony/clip_0017_clean.wav,"I wanted to ask if I should be taking metformin 500 mg once or twice daily, or maybe like 50 mg twice daily, I might be saying that wrong, I just want to be sure.",train
/Users/aayanmapara/Hackathons/villagehacks/backend/audio_gen/output/run_5x_v3/telephony_rich_noisy/clip_0016_medical.wav,"The last time I took ibuprofen, I noticed swelling in my face and hands afterward, maybe within 6 or 16 hours, so I’m wondering if that was an allergic reaction.",test
/Users/aayanmapara/Hackathons/villagehacks/backend/audio_gen/output/run_5x_v3/telephony_rich_noisy/clip_0017_noisy_med.wav,"I wanted to ask if I should be taking metformin 500 mg once or twice daily, or maybe like 50 mg twice daily, I might be saying that wrong, I just want to be sure.",train
/Users/aayanmapara/Hackathons/villagehacks/backend/audio_gen/output/run_5x_v3/telephony_rich_noisy/clip_0017_noisy_high.wav,"I wanted to ask if I should be taking metformin 500 mg once or twice daily, or maybe like 50 mg twice daily, I might be saying that wrong, I just want to be sure.",val
/Users/aayanmapara/Hackathons/villagehacks/backend/audio_gen/output/run_5x_v3/telephony/clip_0017_accented.wav,"I wanted to ask if I should be taking metformin 500 mg once or twice daily, or maybe like 50 mg twice daily, I might be saying that wrong, I just want to be sure.",train
/Users/aayanmapara/Hackathons/villagehacks/backend/audio_gen/output/run_5x_v3/telephony_rich_noisy/clip_0017_medical.wav,"I wanted to ask if I should be taking metformin 500 mg once or twice daily, or maybe like 50 mg twice daily, I might be saying that wrong, I just want to be sure.",test
/Users/aayanmapara/Hackathons/villagehacks/backend/audio_gen/output/run_5x_v3/telephony/clip_0018_clean.wav,"Right now I’m taking lisinopril 10 milligrams, but my blood pressure is still high, so I was wondering if I can increase it to 20 or maybe 30 milligrams safely.",train
/Users/aayanmapara/Hackathons/villagehacks/backend/audio_gen/output/run_5x_v3/telephony_rich_noisy/clip_0018_noisy_med.wav,"Right now I’m taking lisinopril 10 milligrams, but my blood pressure is still high, so I was wondering if I can increase it to 20 or maybe 30 milligrams safely.",train
/Users/aayanmapara/Hackathons/villagehacks/backend/audio_gen/output/run_5x_v3/telephony_rich_noisy/clip_0018_noisy_high.wav,"Right now I’m taking lisinopril 10 milligrams, but my blood pressure is still high, so I was wondering if I can increase it to 20 or maybe 30 milligrams safely.",val
/Users/aayanmapara/Hackathons/villagehacks/backend/audio_gen/output/run_5x_v3/telephony_rich_noisy/clip_0018_medical.wav,"Right now I’m taking lisinopril 10 milligrams, but my blood pressure is still high, so I was wondering if I can increase it to 20 or maybe 30 milligrams safely.",test
/Users/aayanmapara/Hackathons/villagehacks/backend/audio_gen/output/run_5x_v3/telephony/clip_0018_accented.wav,"Right now I’m taking lisinopril 10 milligrams, but my blood pressure is still high, so I was wondering if I can increase it to 20 or maybe 30 milligrams safely.",train
/Users/aayanmapara/Hackathons/villagehacks/backend/audio_gen/output/run_5x_v3/telephony/clip_0019_clean.wav,"Is it okay if I take two tablets of ibuprofen at once when the pain gets really bad, or should I stick to one, like every 5 or 9 hours.",train
/Users/aayanmapara/Hackathons/villagehacks/backend/audio_gen/output/run_5x_v3/telephony_rich_noisy/clip_0019_noisy_high.wav,"Is it okay if I take two tablets of ibuprofen at once when the pain gets really bad, or should I stick to one, like every 5 or 9 hours.",val
/Users/aayanmapara/Hackathons/villagehacks/backend/audio_gen/output/run_5x_v3/telephony/clip_0019_accented.wav,"Is it okay if I take two tablets of ibuprofen at once when the pain gets really bad, or should I stick to one, like every 5 or 9 hours.",train
/Users/aayanmapara/Hackathons/villagehacks/backend/audio_gen/output/run_5x_v3/telephony_rich_noisy/clip_0019_noisy_med.wav,"Is it okay if I take two tablets of ibuprofen at once when the pain gets really bad, or should I stick to one, like every 5 or 9 hours.",train
/Users/aayanmapara/Hackathons/villagehacks/backend/audio_gen/output/run_5x_v3/telephony_rich_noisy/clip_0019_medical.wav,"Is it okay if I take two tablets of ibuprofen at once when the pain gets really bad, or should I stick to one, like every 5 or 9 hours.",test
/Users/aayanmapara/Hackathons/villagehacks/backend/audio_gen/output/run_5x_v3/telephony/clip_0020_clean.wav,"I was prescribed prednisone for inflammation, but I’m not sure how often I should take it, like maybe every 12 or 20 hours, or if I need to taper the dose.",train
/Users/aayanmapara/Hackathons/villagehacks/backend/audio_gen/output/run_5x_v3/telephony_rich_noisy/clip_0020_noisy_med.wav,"I was prescribed prednisone for inflammation, but I’m not sure how often I should take it, like maybe every 12 or 20 hours, or if I need to taper the dose.",train
/Users/aayanmapara/Hackathons/villagehacks/backend/audio_gen/output/run_5x_v3/telephony_rich_noisy/clip_0020_noisy_high.wav,"I was prescribed prednisone for inflammation, but I’m not sure how often I should take it, like maybe every 12 or 20 hours, or if I need to taper the dose.",val
/Users/aayanmapara/Hackathons/villagehacks/backend/audio_gen/output/run_5x_v3/telephony/clip_0020_accented.wav,"I was prescribed prednisone for inflammation, but I’m not sure how often I should take it, like maybe every 12 or 20 hours, or if I need to taper the dose.",train
/Users/aayanmapara/Hackathons/villagehacks/backend/audio_gen/output/run_5x_v3/telephony_rich_noisy/clip_0020_medical.wav,"I was prescribed prednisone for inflammation, but I’m not sure how often I should take it, like maybe every 12 or 20 hours, or if I need to taper the dose.",test
/Users/aayanmapara/Hackathons/villagehacks/backend/audio_gen/output/run_5x_v3/telephony/clip_0021_clean.wav,"For accuracy, I take metformin 500 mg twice daily and lisinopril 10 mg once daily, and I have not missed any doses this week.",train
/Users/aayanmapara/Hackathons/villagehacks/backend/audio_gen/output/run_5x_v3/telephony_rich_noisy/clip_0021_noisy_med.wav,"For accuracy, I take metformin 500 mg twice daily and lisinopril 10 mg once daily, and I have not missed any doses this week.",train
/Users/aayanmapara/Hackathons/villagehacks/backend/audio_gen/output/run_5x_v3/telephony_rich_noisy/clip_0021_noisy_high.wav,"For accuracy, I take metformin 500 mg twice daily and lisinopril 10 mg once daily, and I have not missed any doses this week.",val
/Users/aayanmapara/Hackathons/villagehacks/backend/audio_gen/output/run_5x_v3/telephony_rich_noisy/clip_0021_medical.wav,"For accuracy, I take metformin 500 mg twice daily and lisinopril 10 mg once daily, and I have not missed any doses this week.",test
/Users/aayanmapara/Hackathons/villagehacks/backend/audio_gen/output/run_5x_v3/telephony/clip_0021_accented.wav,"For accuracy, I take metformin 500 mg twice daily and lisinopril 10 mg once daily, and I have not missed any doses this week.",train
/Users/aayanmapara/Hackathons/villagehacks/backend/audio_gen/output/run_5x_v3/telephony/clip_0022_clean.wav,"I take hydralazine 25 mg at 8 AM and hydroxyzine 10 mg at bedtime, and I’m confirming that both medications are listed correctly.",train
/Users/aayanmapara/Hackathons/villagehacks/backend/audio_gen/output/run_5x_v3/telephony_rich_noisy/clip_0022_noisy_med.wav,"I take hydralazine 25 mg at 8 AM and hydroxyzine 10 mg at bedtime, and I’m confirming that both medications are listed correctly.",train
/Users/aayanmapara/Hackathons/villagehacks/backend/audio_gen/output/run_5x_v3/telephony_rich_noisy/clip_0022_noisy_high.wav,"I take hydralazine 25 mg at 8 AM and hydroxyzine 10 mg at bedtime, and I’m confirming that both medications are listed correctly.",val
/Users/aayanmapara/Hackathons/villagehacks/backend/audio_gen/output/run_5x_v3/telephony/clip_0022_accented.wav,"I take hydralazine 25 mg at 8 AM and hydroxyzine 10 mg at bedtime, and I’m confirming that both medications are listed correctly.",train
/Users/aayanmapara/Hackathons/villagehacks/backend/audio_gen/output/run_5x_v3/telephony_rich_noisy/clip_0022_medical.wav,"I take hydralazine 25 mg at 8 AM and hydroxyzine 10 mg at bedtime, and I’m confirming that both medications are listed correctly.",test
/Users/aayanmapara/Hackathons/villagehacks/backend/audio_gen/output/run_5x_v3/telephony/clip_0023_clean.wav,"I switched from atorvastatin 20 mg to rosuvastatin 10 mg last month, and I want to make sure the old statin was removed from my medication list.",train
/Users/aayanmapara/Hackathons/villagehacks/backend/audio_gen/output/run_5x_v3/telephony_rich_noisy/clip_0023_noisy_med.wav,"I switched from atorvastatin 20 mg to rosuvastatin 10 mg last month, and I want to make sure the old statin was removed from my medication list.",train
/Users/aayanmapara/Hackathons/villagehacks/backend/audio_gen/output/run_5x_v3/telephony_rich_noisy/clip_0023_noisy_high.wav,"I switched from atorvastatin 20 mg to rosuvastatin 10 mg last month, and I want to make sure the old statin was removed from my medication list.",val
/Users/aayanmapara/Hackathons/villagehacks/backend/audio_gen/output/run_5x_v3/telephony/clip_0023_accented.wav,"I switched from atorvastatin 20 mg to rosuvastatin 10 mg last month, and I want to make sure the old statin was removed from my medication list.",train
/Users/aayanmapara/Hackathons/villagehacks/backend/audio_gen/output/run_5x_v3/telephony_rich_noisy/clip_0023_medical.wav,"I switched from atorvastatin 20 mg to rosuvastatin 10 mg last month, and I want to make sure the old statin was removed from my medication list.",test
/Users/aayanmapara/Hackathons/villagehacks/backend/audio_gen/output/run_5x_v3/telephony_rich_noisy/clip_0024_noisy_med.wav,"My endocrinologist started me on insulin glargine 18 units nightly, and yesterday my fasting glucose was 142, so I’m checking if this trend looks expected.",train
/Users/aayanmapara/Hackathons/villagehacks/backend/audio_gen/output/run_5x_v3/telephony/clip_0024_clean.wav,"My endocrinologist started me on insulin glargine 18 units nightly, and yesterday my fasting glucose was 142, so I’m checking if this trend looks expected.",train
/Users/aayanmapara/Hackathons/villagehacks/backend/audio_gen/output/run_5x_v3/telephony_rich_noisy/clip_0024_noisy_high.wav,"My endocrinologist started me on insulin glargine 18 units nightly, and yesterday my fasting glucose was 142, so I’m checking if this trend looks expected.",val
/Users/aayanmapara/Hackathons/villagehacks/backend/audio_gen/output/run_5x_v3/telephony/clip_0024_accented.wav,"My endocrinologist started me on insulin glargine 18 units nightly, and yesterday my fasting glucose was 142, so I’m checking if this trend looks expected.",train
/Users/aayanmapara/Hackathons/villagehacks/backend/audio_gen/output/run_5x_v3/telephony/clip_0025_clean.wav,"I took amoxicillin for three days and now I have itching and a red rash, and I need advice on whether to stop immediately.",train
/Users/aayanmapara/Hackathons/villagehacks/backend/audio_gen/output/run_5x_v3/telephony_rich_noisy/clip_0025_noisy_med.wav,"I took amoxicillin for three days and now I have itching and a red rash, and I need advice on whether to stop immediately.",train
/Users/aayanmapara/Hackathons/villagehacks/backend/audio_gen/output/run_5x_v3/telephony_rich_noisy/clip_0024_medical.wav,"My endocrinologist started me on insulin glargine 18 units nightly, and yesterday my fasting glucose was 142, so I’m checking if this trend looks expected.",test
/Users/aayanmapara/Hackathons/villagehacks/backend/audio_gen/output/run_5x_v3/telephony_rich_noisy/clip_0025_noisy_high.wav,"I took amoxicillin for three days and now I have itching and a red rash, and I need advice on whether to stop immediately.",val
/Users/aayanmapara/Hackathons/villagehacks/backend/audio_gen/output/run_5x_v3/telephony/clip_0025_accented.wav,"I took amoxicillin for three days and now I have itching and a red rash, and I need advice on whether to stop immediately.",train
/Users/aayanmapara/Hackathons/villagehacks/backend/audio_gen/output/run_5x_v3/telephony_rich_noisy/clip_0025_medical.wav,"I took amoxicillin for three days and now I have itching and a red rash, and I need advice on whether to stop immediately.",test
/Users/aayanmapara/Hackathons/villagehacks/backend/audio_gen/output/run_5x_v3/telephony/clip_0026_clean.wav,"After my dental procedure, I was told to use ibuprofen 600 mg every 6 hours, but I accidentally took it every 4 hours for one day.",train
/Users/aayanmapara/Hackathons/villagehacks/backend/audio_gen/output/run_5x_v3/telephony_rich_noisy/clip_0026_noisy_med.wav,"After my dental procedure, I was told to use ibuprofen 600 mg every 6 hours, but I accidentally took it every 4 hours for one day.",train
/Users/aayanmapara/Hackathons/villagehacks/backend/audio_gen/output/run_5x_v3/telephony_rich_noisy/clip_0026_noisy_high.wav,"After my dental procedure, I was told to use ibuprofen 600 mg every 6 hours, but I accidentally took it every 4 hours for one day.",val
/Users/aayanmapara/Hackathons/villagehacks/backend/audio_gen/output/run_5x_v3/telephony_rich_noisy/clip_0026_medical.wav,"After my dental procedure, I was told to use ibuprofen 600 mg every 6 hours, but I accidentally took it every 4 hours for one day.",test
/Users/aayanmapara/Hackathons/villagehacks/backend/audio_gen/output/run_5x_v3/telephony/clip_0026_accented.wav,"After my dental procedure, I was told to use ibuprofen 600 mg every 6 hours, but I accidentally took it every 4 hours for one day.",train
/Users/aayanmapara/Hackathons/villagehacks/backend/audio_gen/output/run_5x_v3/telephony/clip_0027_clean.wav,"I might have mixed up levothyroxine 75 mcg with lisinopril 10 mg this morning, and I want to know if I should monitor symptoms.",train
/Users/aayanmapara/Hackathons/villagehacks/backend/audio_gen/output/run_5x_v3/telephony_rich_noisy/clip_0027_noisy_med.wav,"I might have mixed up levothyroxine 75 mcg with lisinopril 10 mg this morning, and I want to know if I should monitor symptoms.",train
/Users/aayanmapara/Hackathons/villagehacks/backend/audio_gen/output/run_5x_v3/telephony/clip_0027_accented.wav,"I might have mixed up levothyroxine 75 mcg with lisinopril 10 mg this morning, and I want to know if I should monitor symptoms.",train
/Users/aayanmapara/Hackathons/villagehacks/backend/audio_gen/output/run_5x_v3/telephony_rich_noisy/clip_0027_noisy_high.wav,"I might have mixed up levothyroxine 75 mcg with lisinopril 10 mg this morning, and I want to know if I should monitor symptoms.",val
/Users/aayanmapara/Hackathons/villagehacks/backend/audio_gen/output/run_5x_v3/telephony_rich_noisy/clip_0027_medical.wav,"I might have mixed up levothyroxine 75 mcg with lisinopril 10 mg this morning, and I want to know if I should monitor symptoms.",test
/Users/aayanmapara/Hackathons/villagehacks/backend/audio_gen/output/run_5x_v3/telephony/clip_0028_clean.wav,"For pain control, I used tramadol 50 mg at 9 PM and acetaminophen 500 mg at midnight, and I still woke up with severe pain.",train
/Users/aayanmapara/Hackathons/villagehacks/backend/audio_gen/output/run_5x_v3/telephony_rich_noisy/clip_0028_noisy_med.wav,"For pain control, I used tramadol 50 mg at 9 PM and acetaminophen 500 mg at midnight, and I still woke up with severe pain.",train
/Users/aayanmapara/Hackathons/villagehacks/backend/audio_gen/output/run_5x_v3/telephony_rich_noisy/clip_0028_noisy_high.wav,"For pain control, I used tramadol 50 mg at 9 PM and acetaminophen 500 mg at midnight, and I still woke up with severe pain.",val
/Users/aayanmapara/Hackathons/villagehacks/backend/audio_gen/output/run_5x_v3/telephony/clip_0028_accented.wav,"For pain control, I used tramadol 50 mg at 9 PM and acetaminophen 500 mg at midnight, and I still woke up with severe pain.",train
/Users/aayanmapara/Hackathons/villagehacks/backend/audio_gen/output/run_5x_v3/telephony_rich_noisy/clip_0028_medical.wav,"For pain control, I used tramadol 50 mg at 9 PM and acetaminophen 500 mg at midnight, and I still woke up with severe pain.",test
/Users/aayanmapara/Hackathons/villagehacks/backend/audio_gen/output/run_5x_v3/telephony/clip_0029_clean.wav,"I’m not sure if my refill was for metoprolol succinate or metoprolol tartrate, and the bottle label is hard to read.",train
/Users/aayanmapara/Hackathons/villagehacks/backend/audio_gen/output/run_5x_v3/telephony_rich_noisy/clip_0029_noisy_med.wav,"I’m not sure if my refill was for metoprolol succinate or metoprolol tartrate, and the bottle label is hard to read.",train
/Users/aayanmapara/Hackathons/villagehacks/backend/audio_gen/output/run_5x_v3/telephony_rich_noisy/clip_0029_noisy_high.wav,"I’m not sure if my refill was for metoprolol succinate or metoprolol tartrate, and the bottle label is hard to read.",val
/Users/aayanmapara/Hackathons/villagehacks/backend/audio_gen/output/run_5x_v3/telephony/clip_0029_accented.wav,"I’m not sure if my refill was for metoprolol succinate or metoprolol tartrate, and the bottle label is hard to read.",train
/Users/aayanmapara/Hackathons/villagehacks/backend/audio_gen/output/run_5x_v3/telephony/clip_0030_clean.wav,"I took prednisone yesterday and now my blood sugar is higher than usual, maybe around 210 instead of 140.",train
/Users/aayanmapara/Hackathons/villagehacks/backend/audio_gen/output/run_5x_v3/telephony_rich_noisy/clip_0029_medical.wav,"I’m not sure if my refill was for metoprolol succinate or metoprolol tartrate, and the bottle label is hard to read.",test
/Users/aayanmapara/Hackathons/villagehacks/backend/audio_gen/output/run_5x_v3/telephony_rich_noisy/clip_0030_noisy_high.wav,"I took prednisone yesterday and now my blood sugar is higher than usual, maybe around 210 instead of 140.",val
/Users/aayanmapara/Hackathons/villagehacks/backend/audio_gen/output/run_5x_v3/telephony_rich_noisy/clip_0030_noisy_med.wav,"I took prednisone yesterday and now my blood sugar is higher than usual, maybe around 210 instead of 140.",train
/Users/aayanmapara/Hackathons/villagehacks/backend/audio_gen/output/run_5x_v3/telephony/clip_0030_accented.wav,"I took prednisone yesterday and now my blood sugar is higher than usual, maybe around 210 instead of 140.",train
/Users/aayanmapara/Hackathons/villagehacks/backend/audio_gen/output/run_5x_v3/telephony/clip_0031_clean.wav,"I’m calling because my parent may have taken 2 tablets of glipizide instead of 1 tablet this morning, and we need next-step guidance.",train
/Users/aayanmapara/Hackathons/villagehacks/backend/audio_gen/output/run_5x_v3/telephony_rich_noisy/clip_0030_medical.wav,"I took prednisone yesterday and now my blood sugar is higher than usual, maybe around 210 instead of 140.",test
/Users/aayanmapara/Hackathons/villagehacks/backend/audio_gen/output/run_5x_v3/telephony_rich_noisy/clip_0031_noisy_med.wav,"I’m calling because my parent may have taken 2 tablets of glipizide instead of 1 tablet this morning, and we need next-step guidance.",train
/Users/aayanmapara/Hackathons/villagehacks/backend/audio_gen/output/run_5x_v3/telephony_rich_noisy/clip_0031_noisy_high.wav,"I’m calling because my parent may have taken 2 tablets of glipizide instead of 1 tablet this morning, and we need next-step guidance.",val
/Users/aayanmapara/Hackathons/villagehacks/backend/audio_gen/output/run_5x_v3/telephony/clip_0031_accented.wav,"I’m calling because my parent may have taken 2 tablets of glipizide instead of 1 tablet this morning, and we need next-step guidance.",train
/Users/aayanmapara/Hackathons/villagehacks/backend/audio_gen/output/run_5x_v3/telephony_rich_noisy/clip_0031_medical.wav,"I’m calling because my parent may have taken 2 tablets of glipizide instead of 1 tablet this morning, and we need next-step guidance.",test
/Users/aayanmapara/Hackathons/villagehacks/backend/audio_gen/output/run_5x_v3/telephony/clip_0032_clean.wav,"I was told to taper off dexamethasone, but I’m confused whether the schedule is 4 days or 14 days at the lower dose.",train
/Users/aayanmapara/Hackathons/villagehacks/backend/audio_gen/output/run_5x_v3/telephony_rich_noisy/clip_0032_noisy_med.wav,"I was told to taper off dexamethasone, but I’m confused whether the schedule is 4 days or 14 days at the lower dose.",train
/Users/aayanmapara/Hackathons/villagehacks/backend/audio_gen/output/run_5x_v3/telephony_rich_noisy/clip_0032_noisy_high.wav,"I was told to taper off dexamethasone, but I’m confused whether the schedule is 4 days or 14 days at the lower dose.",val
/Users/aayanmapara/Hackathons/villagehacks/backend/audio_gen/output/run_5x_v3/telephony/clip_0032_accented.wav,"I was told to taper off dexamethasone, but I’m confused whether the schedule is 4 days or 14 days at the lower dose.",train
/Users/aayanmapara/Hackathons/villagehacks/backend/audio_gen/output/run_5x_v3/telephony_rich_noisy/clip_0032_medical.wav,"I was told to taper off dexamethasone, but I’m confused whether the schedule is 4 days or 14 days at the lower dose.",test
/Users/aayanmapara/Hackathons/villagehacks/backend/audio_gen/output/run_5x_v3/telephony/clip_0033_clean.wav,"I felt chest tightness after taking a new medication, maybe propranolol or maybe pregabalin, and I’m worried I chose the wrong bottle.",train
/Users/aayanmapara/Hackathons/villagehacks/backend/audio_gen/output/run_5x_v3/telephony_rich_noisy/clip_0033_noisy_med.wav,"I felt chest tightness after taking a new medication, maybe propranolol or maybe pregabalin, and I’m worried I chose the wrong bottle.",train
/Users/aayanmapara/Hackathons/villagehacks/backend/audio_gen/output/run_5x_v3/telephony_rich_noisy/clip_0033_noisy_high.wav,"I felt chest tightness after taking a new medication, maybe propranolol or maybe pregabalin, and I’m worried I chose the wrong bottle.",val
/Users/aayanmapara/Hackathons/villagehacks/backend/audio_gen/output/run_5x_v3/telephony/clip_0033_accented.wav,"I felt chest tightness after taking a new medication, maybe propranolol or maybe pregabalin, and I’m worried I chose the wrong bottle.",train
/Users/aayanmapara/Hackathons/villagehacks/backend/audio_gen/output/run_5x_v3/telephony_rich_noisy/clip_0033_medical.wav,"I felt chest tightness after taking a new medication, maybe propranolol or maybe pregabalin, and I’m worried I chose the wrong bottle.",test
/Users/aayanmapara/Hackathons/villagehacks/backend/audio_gen/output/run_5x_v3/telephony/clip_0034_clean.wav,"My post-op instructions say oxycodone 5 mg every 8 hours, but I wrote down 18 hours by mistake and I want to verify the interval.",train
/Users/aayanmapara/Hackathons/villagehacks/backend/audio_gen/output/run_5x_v3/telephony_rich_noisy/clip_0034_noisy_med.wav,"My post-op instructions say oxycodone 5 mg every 8 hours, but I wrote down 18 hours by mistake and I want to verify the interval.",train
/Users/aayanmapara/Hackathons/villagehacks/backend/audio_gen/output/run_5x_v3/telephony_rich_noisy/clip_0034_noisy_high.wav,"My post-op instructions say oxycodone 5 mg every 8 hours, but I wrote down 18 hours by mistake and I want to verify the interval.",val
/Users/aayanmapara/Hackathons/villagehacks/backend/audio_gen/output/run_5x_v3/telephony/clip_0034_accented.wav,"My post-op instructions say oxycodone 5 mg every 8 hours, but I wrote down 18 hours by mistake and I want to verify the interval.",train
/Users/aayanmapara/Hackathons/villagehacks/backend/audio_gen/output/run_5x_v3/telephony_rich_noisy/clip_0034_medical.wav,"My post-op instructions say oxycodone 5 mg every 8 hours, but I wrote down 18 hours by mistake and I want to verify the interval.",test
/Users/aayanmapara/Hackathons/villagehacks/backend/audio_gen/output/run_5x_v3/telephony_rich_noisy/clip_0035_noisy_med.wav,I may be allergic to cephalexin because I developed lip swelling about 30 minutes after the second dose.,train
/Users/aayanmapara/Hackathons/villagehacks/backend/audio_gen/output/run_5x_v3/telephony/clip_0035_clean.wav,I may be allergic to cephalexin because I developed lip swelling about 30 minutes after the second dose.,train
/Users/aayanmapara/Hackathons/villagehacks/backend/audio_gen/output/run_5x_v3/telephony_rich_noisy/clip_0035_noisy_high.wav,I may be allergic to cephalexin because I developed lip swelling about 30 minutes after the second dose.,val
/Users/aayanmapara/Hackathons/villagehacks/backend/audio_gen/output/run_5x_v3/telephony/clip_0035_accented.wav,I may be allergic to cephalexin because I developed lip swelling about 30 minutes after the second dose.,train
/Users/aayanmapara/Hackathons/villagehacks/backend/audio_gen/output/run_5x_v3/telephony_rich_noisy/clip_0035_medical.wav,I may be allergic to cephalexin because I developed lip swelling about 30 minutes after the second dose.,test
/Users/aayanmapara/Hackathons/villagehacks/backend/audio_gen/output/run_5x_v3/telephony/clip_0036_clean.wav,"I’ve had persistent dizziness for two days after increasing amlodipine from 5 mg to 10 mg, and I need to confirm if I should return to the prior dose.",train
/Users/aayanmapara/Hackathons/villagehacks/backend/audio_gen/output/run_5x_v3/telephony_rich_noisy/clip_0036_noisy_med.wav,"I’ve had persistent dizziness for two days after increasing amlodipine from 5 mg to 10 mg, and I need to confirm if I should return to the prior dose.",train
/Users/aayanmapara/Hackathons/villagehacks/backend/audio_gen/output/run_5x_v3/telephony_rich_noisy/clip_0036_noisy_high.wav,"I’ve had persistent dizziness for two days after increasing amlodipine from 5 mg to 10 mg, and I need to confirm if I should return to the prior dose.",val
/Users/aayanmapara/Hackathons/villagehacks/backend/audio_gen/output/run_5x_v3/telephony/clip_0036_accented.wav,"I’ve had persistent dizziness for two days after increasing amlodipine from 5 mg to 10 mg, and I need to confirm if I should return to the prior dose.",train
/Users/aayanmapara/Hackathons/villagehacks/backend/audio_gen/output/run_5x_v3/telephony_rich_noisy/clip_0036_medical.wav,"I’ve had persistent dizziness for two days after increasing amlodipine from 5 mg to 10 mg, and I need to confirm if I should return to the prior dose.",test
/Users/aayanmapara/Hackathons/villagehacks/backend/audio_gen/output/run_5x_v3/telephony/clip_0037_clean.wav,"I am comparing two similar names on my list, clonazepam and clindamycin, and I want to confirm which one is for anxiety versus infection.",train
/Users/aayanmapara/Hackathons/villagehacks/backend/audio_gen/output/run_5x_v3/telephony_rich_noisy/clip_0037_noisy_med.wav,"I am comparing two similar names on my list, clonazepam and clindamycin, and I want to confirm which one is for anxiety versus infection.",train
/Users/aayanmapara/Hackathons/villagehacks/backend/audio_gen/output/run_5x_v3/telephony/clip_0037_accented.wav,"I am comparing two similar names on my list, clonazepam and clindamycin, and I want to confirm which one is for anxiety versus infection.",train
/Users/aayanmapara/Hackathons/villagehacks/backend/audio_gen/output/run_5x_v3/telephony_rich_noisy/clip_0037_noisy_high.wav,"I am comparing two similar names on my list, clonazepam and clindamycin, and I want to confirm which one is for anxiety versus infection.",val
/Users/aayanmapara/Hackathons/villagehacks/backend/audio_gen/output/run_5x_v3/telephony_rich_noisy/clip_0037_medical.wav,"I am comparing two similar names on my list, clonazepam and clindamycin, and I want to confirm which one is for anxiety versus infection.",test
/Users/aayanmapara/Hackathons/villagehacks/backend/audio_gen/output/run_5x_v3/telephony/clip_0038_clean.wav,"My child took acetaminophen at 7 PM and then ibuprofen at 8 PM, and I’m unsure if that spacing is safe.",train
/Users/aayanmapara/Hackathons/villagehacks/backend/audio_gen/output/run_5x_v3/telephony_rich_noisy/clip_0038_noisy_med.wav,"My child took acetaminophen at 7 PM and then ibuprofen at 8 PM, and I’m unsure if that spacing is safe.",train
/Users/aayanmapara/Hackathons/villagehacks/backend/audio_gen/output/run_5x_v3/telephony_rich_noisy/clip_0038_noisy_high.wav,"My child took acetaminophen at 7 PM and then ibuprofen at 8 PM, and I’m unsure if that spacing is safe.",val
/Users/aayanmapara/Hackathons/villagehacks/backend/audio_gen/output/run_5x_v3/telephony_rich_noisy/clip_0038_medical.wav,"My child took acetaminophen at 7 PM and then ibuprofen at 8 PM, and I’m unsure if that spacing is safe.",test
/Users/aayanmapara/Hackathons/villagehacks/backend/audio_gen/output/run_5x_v3/telephony/clip_0038_accented.wav,"My child took acetaminophen at 7 PM and then ibuprofen at 8 PM, and I’m unsure if that spacing is safe.",train
/Users/aayanmapara/Hackathons/villagehacks/backend/audio_gen/output/run_5x_v3/telephony/clip_0039_clean.wav,I need to verify whether my cardiology note says apixaban 2.5 mg twice daily or 5 mg twice daily before I travel tomorrow.,train
/Users/aayanmapara/Hackathons/villagehacks/backend/audio_gen/output/run_5x_v3/telephony_rich_noisy/clip_0039_noisy_med.wav,I need to verify whether my cardiology note says apixaban 2.5 mg twice daily or 5 mg twice daily before I travel tomorrow.,train
/Users/aayanmapara/Hackathons/villagehacks/backend/audio_gen/output/run_5x_v3/telephony_rich_noisy/clip_0039_noisy_high.wav,I need to verify whether my cardiology note says apixaban 2.5 mg twice daily or 5 mg twice daily before I travel tomorrow.,val
/Users/aayanmapara/Hackathons/villagehacks/backend/audio_gen/output/run_5x_v3/telephony/clip_0039_accented.wav,I need to verify whether my cardiology note says apixaban 2.5 mg twice daily or 5 mg twice daily before I travel tomorrow.,train
/Users/aayanmapara/Hackathons/villagehacks/backend/audio_gen/output/run_5x_v3/telephony/clip_0040_clean.wav,"I have clear instructions to take warfarin 4 mg nightly and check INR every Monday, and today’s INR was 2.3.",train
/Users/aayanmapara/Hackathons/villagehacks/backend/audio_gen/output/run_5x_v3/telephony_rich_noisy/clip_0039_medical.wav,I need to verify whether my cardiology note says apixaban 2.5 mg twice daily or 5 mg twice daily before I travel tomorrow.,test
/Users/aayanmapara/Hackathons/villagehacks/backend/audio_gen/output/run_5x_v3/telephony_rich_noisy/clip_0040_noisy_high.wav,"I have clear instructions to take warfarin 4 mg nightly and check INR every Monday, and today’s INR was 2.3.",val
/Users/aayanmapara/Hackathons/villagehacks/backend/audio_gen/output/run_5x_v3/telephony_rich_noisy/clip_0040_noisy_med.wav,"I have clear instructions to take warfarin 4 mg nightly and check INR every Monday, and today’s INR was 2.3.",train
/Users/aayanmapara/Hackathons/villagehacks/backend/audio_gen/output/run_5x_v3/telephony/clip_0040_accented.wav,"I have clear instructions to take warfarin 4 mg nightly and check INR every Monday, and today’s INR was 2.3.",train
/Users/aayanmapara/Hackathons/villagehacks/backend/audio_gen/output/run_5x_v3/telephony_rich_noisy/clip_0040_medical.wav,"I have clear instructions to take warfarin 4 mg nightly and check INR every Monday, and today’s INR was 2.3.",test
/Users/aayanmapara/Hackathons/villagehacks/backend/audio_gen/output/run_5x_v3/telephony/clip_0041_clean.wav,I need to confirm whether my inhaler is albuterol or Advair because the pharmacy bag has both names on it and I’m wheezing tonight.,train
/Users/aayanmapara/Hackathons/villagehacks/backend/audio_gen/output/run_5x_v3/telephony_rich_noisy/clip_0041_noisy_med.wav,I need to confirm whether my inhaler is albuterol or Advair because the pharmacy bag has both names on it and I’m wheezing tonight.,train
/Users/aayanmapara/Hackathons/villagehacks/backend/audio_gen/output/run_5x_v3/telephony_rich_noisy/clip_0041_noisy_high.wav,I need to confirm whether my inhaler is albuterol or Advair because the pharmacy bag has both names on it and I’m wheezing tonight.,val
/Users/aayanmapara/Hackathons/villagehacks/backend/audio_gen/output/run_5x_v3/telephony/clip_0041_accented.wav,I need to confirm whether my inhaler is albuterol or Advair because the pharmacy bag has both names on it and I’m wheezing tonight.,train
/Users/aayanmapara/Hackathons/villagehacks/backend/audio_gen/output/run_5x_v3/telephony/clip_0042_clean.wav,"I accidentally took two doses of apixaban 5 mg today, one at breakfast and one an hour later, and I want to know what to watch for.",train
/Users/aayanmapara/Hackathons/villagehacks/backend/audio_gen/output/run_5x_v3/telephony_rich_noisy/clip_0041_medical.wav,I need to confirm whether my inhaler is albuterol or Advair because the pharmacy bag has both names on it and I’m wheezing tonight.,test
/Users/aayanmapara/Hackathons/villagehacks/backend/audio_gen/output/run_5x_v3/telephony_rich_noisy/clip_0042_noisy_med.wav,"I accidentally took two doses of apixaban 5 mg today, one at breakfast and one an hour later, and I want to know what to watch for.",train
/Users/aayanmapara/Hackathons/villagehacks/backend/audio_gen/output/run_5x_v3/telephony_rich_noisy/clip_0042_noisy_high.wav,"I accidentally took two doses of apixaban 5 mg today, one at breakfast and one an hour later, and I want to know what to watch for.",val
/Users/aayanmapara/Hackathons/villagehacks/backend/audio_gen/output/run_5x_v3/telephony/clip_0042_accented.wav,"I accidentally took two doses of apixaban 5 mg today, one at breakfast and one an hour later, and I want to know what to watch for.",train
/Users/aayanmapara/Hackathons/villagehacks/backend/audio_gen/output/run_5x_v3/telephony_rich_noisy/clip_0042_medical.wav,"I accidentally took two doses of apixaban 5 mg today, one at breakfast and one an hour later, and I want to know what to watch for.",test
/Users/aayanmapara/Hackathons/villagehacks/backend/audio_gen/output/run_5x_v3/telephony/clip_0043_clean.wav,"My bottle says gabapentin 300 mg at bedtime, but I may have read it as 800 mg when I filled the pillbox.",train
/Users/aayanmapara/Hackathons/villagehacks/backend/audio_gen/output/run_5x_v3/telephony_rich_noisy/clip_0043_noisy_med.wav,"My bottle says gabapentin 300 mg at bedtime, but I may have read it as 800 mg when I filled the pillbox.",train
/Users/aayanmapara/Hackathons/villagehacks/backend/audio_gen/output/run_5x_v3/telephony_rich_noisy/clip_0043_noisy_high.wav,"My bottle says gabapentin 300 mg at bedtime, but I may have read it as 800 mg when I filled the pillbox.",val
/Users/aayanmapara/Hackathons/villagehacks/backend/audio_gen/output/run_5x_v3/telephony/clip_0043_accented.wav,"My bottle says gabapentin 300 mg at bedtime, but I may have read it as 800 mg when I filled the pillbox.",train
/Users/aayanmapara/Hackathons/villagehacks/backend/audio_gen/output/run_5x_v3/telephony_rich_noisy/clip_0043_medical.wav,"My bottle says gabapentin 300 mg at bedtime, but I may have read it as 800 mg when I filled the pillbox.",test
/Users/aayanmapara/Hackathons/villagehacks/backend/audio_gen/output/run_5x_v3/telephony/clip_0044_clean.wav,"Since starting furosemide 20 mg this week, I’ve been getting leg cramps and going to the bathroom all night, and I’m not sure if that’s expected.",train
/Users/aayanmapara/Hackathons/villagehacks/backend/audio_gen/output/run_5x_v3/telephony_rich_noisy/clip_0044_noisy_med.wav,"Since starting furosemide 20 mg this week, I’ve been getting leg cramps and going to the bathroom all night, and I’m not sure if that’s expected.",train
/Users/aayanmapara/Hackathons/villagehacks/backend/audio_gen/output/run_5x_v3/telephony_rich_noisy/clip_0044_noisy_high.wav,"Since starting furosemide 20 mg this week, I’ve been getting leg cramps and going to the bathroom all night, and I’m not sure if that’s expected.",val
/Users/aayanmapara/Hackathons/villagehacks/backend/audio_gen/output/run_5x_v3/telephony/clip_0044_accented.wav,"Since starting furosemide 20 mg this week, I’ve been getting leg cramps and going to the bathroom all night, and I’m not sure if that’s expected.",train
/Users/aayanmapara/Hackathons/villagehacks/backend/audio_gen/output/run_5x_v3/telephony_rich_noisy/clip_0044_medical.wav,"Since starting furosemide 20 mg this week, I’ve been getting leg cramps and going to the bathroom all night, and I’m not sure if that’s expected.",test
/Users/aayanmapara/Hackathons/villagehacks/backend/audio_gen/output/run_5x_v3/telephony/clip_0045_clean.wav,"I was supposed to switch from sertraline 50 mg to escitalopram 10 mg, but I’m worried I may have taken both this morning.",train
/Users/aayanmapara/Hackathons/villagehacks/backend/audio_gen/output/run_5x_v3/telephony_rich_noisy/clip_0045_noisy_med.wav,"I was supposed to switch from sertraline 50 mg to escitalopram 10 mg, but I’m worried I may have taken both this morning.",train
/Users/aayanmapara/Hackathons/villagehacks/backend/audio_gen/output/run_5x_v3/telephony_rich_noisy/clip_0045_noisy_high.wav,"I was supposed to switch from sertraline 50 mg to escitalopram 10 mg, but I’m worried I may have taken both this morning.",val
/Users/aayanmapara/Hackathons/villagehacks/backend/audio_gen/output/run_5x_v3/telephony/clip_0045_accented.wav,"I was supposed to switch from sertraline 50 mg to escitalopram 10 mg, but I’m worried I may have taken both this morning.",train
/Users/aayanmapara/Hackathons/villagehacks/backend/audio_gen/output/run_5x_v3/telephony_rich_noisy/clip_0045_medical.wav,"I was supposed to switch from sertraline 50 mg to escitalopram 10 mg, but I’m worried I may have taken both this morning.",test
/Users/aayanmapara/Hackathons/villagehacks/backend/audio_gen/output/run_5x_v3/telephony/clip_0046_clean.wav,"The discharge sheet lists cefoxitin, cefotetan, or maybe cefdinir, and I need to know which antibiotic I actually received.",train
/Users/aayanmapara/Hackathons/villagehacks/backend/audio_gen/output/run_5x_v3/telephony_rich_noisy/clip_0046_noisy_med.wav,"The discharge sheet lists cefoxitin, cefotetan, or maybe cefdinir, and I need to know which antibiotic I actually received.",train
/Users/aayanmapara/Hackathons/villagehacks/backend/audio_gen/output/run_5x_v3/telephony_rich_noisy/clip_0046_noisy_high.wav,"The discharge sheet lists cefoxitin, cefotetan, or maybe cefdinir, and I need to know which antibiotic I actually received.",val
/Users/aayanmapara/Hackathons/villagehacks/backend/audio_gen/output/run_5x_v3/telephony/clip_0046_accented.wav,"The discharge sheet lists cefoxitin, cefotetan, or maybe cefdinir, and I need to know which antibiotic I actually received.",train
/Users/aayanmapara/Hackathons/villagehacks/backend/audio_gen/output/run_5x_v3/telephony_rich_noisy/clip_0046_medical.wav,"The discharge sheet lists cefoxitin, cefotetan, or maybe cefdinir, and I need to know which antibiotic I actually received.",test
/Users/aayanmapara/Hackathons/villagehacks/backend/audio_gen/output/run_5x_v3/telephony/clip_0047_clean.wav,"My nebulizer meds might be budesonide or Brovana, and the labels got wet, so I need help sorting them out.",train
/Users/aayanmapara/Hackathons/villagehacks/backend/audio_gen/output/run_5x_v3/telephony_rich_noisy/clip_0047_noisy_med.wav,"My nebulizer meds might be budesonide or Brovana, and the labels got wet, so I need help sorting them out.",train
/Users/aayanmapara/Hackathons/villagehacks/backend/audio_gen/output/run_5x_v3/telephony/clip_0047_accented.wav,"My nebulizer meds might be budesonide or Brovana, and the labels got wet, so I need help sorting them out.",train
/Users/aayanmapara/Hackathons/villagehacks/backend/audio_gen/output/run_5x_v3/telephony_rich_noisy/clip_0047_noisy_high.wav,"My nebulizer meds might be budesonide or Brovana, and the labels got wet, so I need help sorting them out.",val
/Users/aayanmapara/Hackathons/villagehacks/backend/audio_gen/output/run_5x_v3/telephony_rich_noisy/clip_0047_medical.wav,"My nebulizer meds might be budesonide or Brovana, and the labels got wet, so I need help sorting them out.",test
/Users/aayanmapara/Hackathons/villagehacks/backend/audio_gen/output/run_5x_v3/telephony/clip_0048_clean.wav,"I took levetiracetam 500 mg at 6 AM, but I might have repeated it at 8 AM because I forgot I already took it.",train
/Users/aayanmapara/Hackathons/villagehacks/backend/audio_gen/output/run_5x_v3/telephony_rich_noisy/clip_0048_noisy_med.wav,"I took levetiracetam 500 mg at 6 AM, but I might have repeated it at 8 AM because I forgot I already took it.",train
/Users/aayanmapara/Hackathons/villagehacks/backend/audio_gen/output/run_5x_v3/telephony_rich_noisy/clip_0048_noisy_high.wav,"I took levetiracetam 500 mg at 6 AM, but I might have repeated it at 8 AM because I forgot I already took it.",val
/Users/aayanmapara/Hackathons/villagehacks/backend/audio_gen/output/run_5x_v3/telephony/clip_0048_accented.wav,"I took levetiracetam 500 mg at 6 AM, but I might have repeated it at 8 AM because I forgot I already took it.",train
/Users/aayanmapara/Hackathons/villagehacks/backend/audio_gen/output/run_5x_v3/telephony_rich_noisy/clip_0048_medical.wav,"I took levetiracetam 500 mg at 6 AM, but I might have repeated it at 8 AM because I forgot I already took it.",test
/Users/aayanmapara/Hackathons/villagehacks/backend/audio_gen/output/run_5x_v3/telephony/clip_0049_clean.wav,"The surgeon said enoxaparin 40 mg once daily after discharge, but I wrote down 14 mg and I’m not sure which is correct.",train
/Users/aayanmapara/Hackathons/villagehacks/backend/audio_gen/output/run_5x_v3/telephony_rich_noisy/clip_0049_noisy_med.wav,"The surgeon said enoxaparin 40 mg once daily after discharge, but I wrote down 14 mg and I’m not sure which is correct.",train
/Users/aayanmapara/Hackathons/villagehacks/backend/audio_gen/output/run_5x_v3/telephony_rich_noisy/clip_0049_noisy_high.wav,"The surgeon said enoxaparin 40 mg once daily after discharge, but I wrote down 14 mg and I’m not sure which is correct.",val
/Users/aayanmapara/Hackathons/villagehacks/backend/audio_gen/output/run_5x_v3/telephony/clip_0049_accented.wav,"The surgeon said enoxaparin 40 mg once daily after discharge, but I wrote down 14 mg and I’m not sure which is correct.",train
/Users/aayanmapara/Hackathons/villagehacks/backend/audio_gen/output/run_5x_v3/telephony_rich_noisy/clip_0049_medical.wav,"The surgeon said enoxaparin 40 mg once daily after discharge, but I wrote down 14 mg and I’m not sure which is correct.",test
/Users/aayanmapara/Hackathons/villagehacks/backend/audio_gen/output/run_5x_v3/telephony/clip_0050_clean.wav,"I’m calling because my child may have had amoxicillin at noon and cefdinir at one, and now there’s a rash around the mouth.",train
/Users/aayanmapara/Hackathons/villagehacks/backend/audio_gen/output/run_5x_v3/telephony_rich_noisy/clip_0050_noisy_med.wav,"I’m calling because my child may have had amoxicillin at noon and cefdinir at one, and now there’s a rash around the mouth.",train
/Users/aayanmapara/Hackathons/villagehacks/backend/audio_gen/output/run_5x_v3/telephony_rich_noisy/clip_0050_noisy_high.wav,"I’m calling because my child may have had amoxicillin at noon and cefdinir at one, and now there’s a rash around the mouth.",val
/Users/aayanmapara/Hackathons/villagehacks/backend/audio_gen/output/run_5x_v3/telephony/clip_0050_accented.wav,"I’m calling because my child may have had amoxicillin at noon and cefdinir at one, and now there’s a rash around the mouth.",train
/Users/aayanmapara/Hackathons/villagehacks/backend/audio_gen/output/run_5x_v3/telephony_rich_noisy/clip_0050_medical.wav,"I’m calling because my child may have had amoxicillin at noon and cefdinir at one, and now there’s a rash around the mouth.",test
/Users/aayanmapara/Hackathons/villagehacks/backend/audio_gen/output/run_5x_v3/telephony/clip_0051_clean.wav,"I think my refill should have been for losartan 50 mg, not loratadine 10 mg, and I want to make sure the wrong drug wasn’t sent.",train
/Users/aayanmapara/Hackathons/villagehacks/backend/audio_gen/output/run_5x_v3/telephony_rich_noisy/clip_0051_noisy_med.wav,"I think my refill should have been for losartan 50 mg, not loratadine 10 mg, and I want to make sure the wrong drug wasn’t sent.",train
/Users/aayanmapara/Hackathons/villagehacks/backend/audio_gen/output/run_5x_v3/telephony_rich_noisy/clip_0051_noisy_high.wav,"I think my refill should have been for losartan 50 mg, not loratadine 10 mg, and I want to make sure the wrong drug wasn’t sent.",val
/Users/aayanmapara/Hackathons/villagehacks/backend/audio_gen/output/run_5x_v3/telephony/clip_0051_accented.wav,"I think my refill should have been for losartan 50 mg, not loratadine 10 mg, and I want to make sure the wrong drug wasn’t sent.",train
/Users/aayanmapara/Hackathons/villagehacks/backend/audio_gen/output/run_5x_v3/telephony_rich_noisy/clip_0051_medical.wav,"I think my refill should have been for losartan 50 mg, not loratadine 10 mg, and I want to make sure the wrong drug wasn’t sent.",test
/Users/aayanmapara/Hackathons/villagehacks/backend/audio_gen/output/run_5x_v3/telephony/clip_0052_clean.wav,"After starting spironolactone 25 mg, I’ve felt weak and dizzy, and my home blood pressure dropped from 130 to maybe 90.",train
/Users/aayanmapara/Hackathons/villagehacks/backend/audio_gen/output/run_5x_v3/telephony_rich_noisy/clip_0052_noisy_med.wav,"After starting spironolactone 25 mg, I’ve felt weak and dizzy, and my home blood pressure dropped from 130 to maybe 90.",train
/Users/aayanmapara/Hackathons/villagehacks/backend/audio_gen/output/run_5x_v3/telephony_rich_noisy/clip_0052_noisy_high.wav,"After starting spironolactone 25 mg, I’ve felt weak and dizzy, and my home blood pressure dropped from 130 to maybe 90.",val
/Users/aayanmapara/Hackathons/villagehacks/backend/audio_gen/output/run_5x_v3/telephony/clip_0052_accented.wav,"After starting spironolactone 25 mg, I’ve felt weak and dizzy, and my home blood pressure dropped from 130 to maybe 90.",train
/Users/aayanmapara/Hackathons/villagehacks/backend/audio_gen/output/run_5x_v3/telephony_rich_noisy/clip_0052_medical.wav,"After starting spironolactone 25 mg, I’ve felt weak and dizzy, and my home blood pressure dropped from 130 to maybe 90.",test
/Users/aayanmapara/Hackathons/villagehacks/backend/audio_gen/output/run_5x_v3/telephony/clip_0053_clean.wav,"My insulin lispro pen and liraglutide pen look similar, and I’m worried I grabbed the wrong one before dinner.",train
/Users/aayanmapara/Hackathons/villagehacks/backend/audio_gen/output/run_5x_v3/telephony_rich_noisy/clip_0053_noisy_med.wav,"My insulin lispro pen and liraglutide pen look similar, and I’m worried I grabbed the wrong one before dinner.",train
/Users/aayanmapara/Hackathons/villagehacks/backend/audio_gen/output/run_5x_v3/telephony/clip_0053_accented.wav,"My insulin lispro pen and liraglutide pen look similar, and I’m worried I grabbed the wrong one before dinner.",train
/Users/aayanmapara/Hackathons/villagehacks/backend/audio_gen/output/run_5x_v3/telephony_rich_noisy/clip_0053_noisy_high.wav,"My insulin lispro pen and liraglutide pen look similar, and I’m worried I grabbed the wrong one before dinner.",val
/Users/aayanmapara/Hackathons/villagehacks/backend/audio_gen/output/run_5x_v3/telephony_rich_noisy/clip_0053_medical.wav,"My insulin lispro pen and liraglutide pen look similar, and I’m worried I grabbed the wrong one before dinner.",test
/Users/aayanmapara/Hackathons/villagehacks/backend/audio_gen/output/run_5x_v3/telephony/clip_0054_clean.wav,I need to verify whether the cardiologist wanted clopidogrel 75 mg plus aspirin or to stop the aspirin completely.,train
/Users/aayanmapara/Hackathons/villagehacks/backend/audio_gen/output/run_5x_v3/telephony_rich_noisy/clip_0054_noisy_med.wav,I need to verify whether the cardiologist wanted clopidogrel 75 mg plus aspirin or to stop the aspirin completely.,train
/Users/aayanmapara/Hackathons/villagehacks/backend/audio_gen/output/run_5x_v3/telephony_rich_noisy/clip_0054_noisy_high.wav,I need to verify whether the cardiologist wanted clopidogrel 75 mg plus aspirin or to stop the aspirin completely.,val
/Users/aayanmapara/Hackathons/villagehacks/backend/audio_gen/output/run_5x_v3/telephony_rich_noisy/clip_0054_medical.wav,I need to verify whether the cardiologist wanted clopidogrel 75 mg plus aspirin or to stop the aspirin completely.,test
/Users/aayanmapara/Hackathons/villagehacks/backend/audio_gen/output/run_5x_v3/telephony/clip_0054_accented.wav,I need to verify whether the cardiologist wanted clopidogrel 75 mg plus aspirin or to stop the aspirin completely.,train
/Users/aayanmapara/Hackathons/villagehacks/backend/audio_gen/output/run_5x_v3/telephony/clip_0055_clean.wav,"I might have taken clonidine 0.1 mg twice because I was half asleep, and now I feel very tired and lightheaded.",train
/Users/aayanmapara/Hackathons/villagehacks/backend/audio_gen/output/run_5x_v3/telephony_rich_noisy/clip_0055_noisy_med.wav,"I might have taken clonidine 0.1 mg twice because I was half asleep, and now I feel very tired and lightheaded.",train
/Users/aayanmapara/Hackathons/villagehacks/backend/audio_gen/output/run_5x_v3/telephony_rich_noisy/clip_0055_noisy_high.wav,"I might have taken clonidine 0.1 mg twice because I was half asleep, and now I feel very tired and lightheaded.",val
/Users/aayanmapara/Hackathons/villagehacks/backend/audio_gen/output/run_5x_v3/telephony/clip_0055_accented.wav,"I might have taken clonidine 0.1 mg twice because I was half asleep, and now I feel very tired and lightheaded.",train
/Users/aayanmapara/Hackathons/villagehacks/backend/audio_gen/output/run_5x_v3/telephony_rich_noisy/clip_0055_medical.wav,"I might have taken clonidine 0.1 mg twice because I was half asleep, and now I feel very tired and lightheaded.",test
/Users/aayanmapara/Hackathons/villagehacks/backend/audio_gen/output/run_5x_v3/telephony/clip_0056_clean.wav,"The after-visit summary says ondansetron every 8 hours, but I may have heard 18 hours over the phone.",train
/Users/aayanmapara/Hackathons/villagehacks/backend/audio_gen/output/run_5x_v3/telephony_rich_noisy/clip_0056_noisy_med.wav,"The after-visit summary says ondansetron every 8 hours, but I may have heard 18 hours over the phone.",train
/Users/aayanmapara/Hackathons/villagehacks/backend/audio_gen/output/run_5x_v3/telephony/clip_0056_accented.wav,"The after-visit summary says ondansetron every 8 hours, but I may have heard 18 hours over the phone.",train
/Users/aayanmapara/Hackathons/villagehacks/backend/audio_gen/output/run_5x_v3/telephony_rich_noisy/clip_0056_noisy_high.wav,"The after-visit summary says ondansetron every 8 hours, but I may have heard 18 hours over the phone.",val
/Users/aayanmapara/Hackathons/villagehacks/backend/audio_gen/output/run_5x_v3/telephony_rich_noisy/clip_0056_medical.wav,"The after-visit summary says ondansetron every 8 hours, but I may have heard 18 hours over the phone.",test
/Users/aayanmapara/Hackathons/villagehacks/backend/audio_gen/output/run_5x_v3/telephony/clip_0057_clean.wav,"I’m not sure if the ear infection prescription was azithromycin or erythromycin, and the sound quality on the voicemail was bad.",train
/Users/aayanmapara/Hackathons/villagehacks/backend/audio_gen/output/run_5x_v3/telephony_rich_noisy/clip_0057_noisy_med.wav,"I’m not sure if the ear infection prescription was azithromycin or erythromycin, and the sound quality on the voicemail was bad.",train
/Users/aayanmapara/Hackathons/villagehacks/backend/audio_gen/output/run_5x_v3/telephony_rich_noisy/clip_0057_noisy_high.wav,"I’m not sure if the ear infection prescription was azithromycin or erythromycin, and the sound quality on the voicemail was bad.",val
/Users/aayanmapara/Hackathons/villagehacks/backend/audio_gen/output/run_5x_v3/telephony_rich_noisy/clip_0057_medical.wav,"I’m not sure if the ear infection prescription was azithromycin or erythromycin, and the sound quality on the voicemail was bad.",test
/Users/aayanmapara/Hackathons/villagehacks/backend/audio_gen/output/run_5x_v3/telephony/clip_0057_accented.wav,"I’m not sure if the ear infection prescription was azithromycin or erythromycin, and the sound quality on the voicemail was bad.",train
/Users/aayanmapara/Hackathons/villagehacks/backend/audio_gen/output/run_5x_v3/telephony/clip_0058_clean.wav,"I took torsemide instead of topiramate, or maybe the other way around, and I’m worried because the names sound similar.",train
/Users/aayanmapara/Hackathons/villagehacks/backend/audio_gen/output/run_5x_v3/telephony_rich_noisy/clip_0058_noisy_high.wav,"I took torsemide instead of topiramate, or maybe the other way around, and I’m worried because the names sound similar.",val
/Users/aayanmapara/Hackathons/villagehacks/backend/audio_gen/output/run_5x_v3/telephony_rich_noisy/clip_0058_noisy_med.wav,"I took torsemide instead of topiramate, or maybe the other way around, and I’m worried because the names sound similar.",train
/Users/aayanmapara/Hackathons/villagehacks/backend/audio_gen/output/run_5x_v3/telephony/clip_0058_accented.wav,"I took torsemide instead of topiramate, or maybe the other way around, and I’m worried because the names sound similar.",train
/Users/aayanmapara/Hackathons/villagehacks/backend/audio_gen/output/run_5x_v3/telephony_rich_noisy/clip_0058_medical.wav,"I took torsemide instead of topiramate, or maybe the other way around, and I’m worried because the names sound similar.",test
/Users/aayanmapara/Hackathons/villagehacks/backend/audio_gen/output/run_5x_v3/telephony/clip_0059_clean.wav,"My parent’s med list has donepezil 5 mg and diltiazem 120 mg, and I want to confirm which one was increased this week.",train
/Users/aayanmapara/Hackathons/villagehacks/backend/audio_gen/output/run_5x_v3/telephony_rich_noisy/clip_0059_noisy_med.wav,"My parent’s med list has donepezil 5 mg and diltiazem 120 mg, and I want to confirm which one was increased this week.",train
/Users/aayanmapara/Hackathons/villagehacks/backend/audio_gen/output/run_5x_v3/telephony_rich_noisy/clip_0059_noisy_high.wav,"My parent’s med list has donepezil 5 mg and diltiazem 120 mg, and I want to confirm which one was increased this week.",val
/Users/aayanmapara/Hackathons/villagehacks/backend/audio_gen/output/run_5x_v3/telephony_rich_noisy/clip_0059_medical.wav,"My parent’s med list has donepezil 5 mg and diltiazem 120 mg, and I want to confirm which one was increased this week.",test
/Users/aayanmapara/Hackathons/villagehacks/backend/audio_gen/output/run_5x_v3/telephony/clip_0060_clean.wav,"I was told to restart prednisone tomorrow, but I can’t tell whether the taper goes 30, 20, 10 or 13, 20, 10.",train
/Users/aayanmapara/Hackathons/villagehacks/backend/audio_gen/output/run_5x_v3/telephony/clip_0059_accented.wav,"My parent’s med list has donepezil 5 mg and diltiazem 120 mg, and I want to confirm which one was increased this week.",train
/Users/aayanmapara/Hackathons/villagehacks/backend/audio_gen/output/run_5x_v3/telephony_rich_noisy/clip_0060_noisy_med.wav,"I was told to restart prednisone tomorrow, but I can’t tell whether the taper goes 30, 20, 10 or 13, 20, 10.",train
/Users/aayanmapara/Hackathons/villagehacks/backend/audio_gen/output/run_5x_v3/telephony_rich_noisy/clip_0060_noisy_high.wav,"I was told to restart prednisone tomorrow, but I can’t tell whether the taper goes 30, 20, 10 or 13, 20, 10.",val
/Users/aayanmapara/Hackathons/villagehacks/backend/audio_gen/output/run_5x_v3/telephony/clip_0060_accented.wav,"I was told to restart prednisone tomorrow, but I can’t tell whether the taper goes 30, 20, 10 or 13, 20, 10.",train
/Users/aayanmapara/Hackathons/villagehacks/backend/audio_gen/output/run_5x_v3/telephony_rich_noisy/clip_0060_medical.wav,"I was told to restart prednisone tomorrow, but I can’t tell whether the taper goes 30, 20, 10 or 13, 20, 10.",test
/Users/aayanmapara/Hackathons/villagehacks/backend/audio_gen/output/run_5x_v3/telephony/clip_0061_clean.wav,"The bottle for hydroxychloroquine looks a lot like hydralazine in low light, and I need to know if a single mix-up is dangerous.",train
/Users/aayanmapara/Hackathons/villagehacks/backend/audio_gen/output/run_5x_v3/telephony_rich_noisy/clip_0061_noisy_high.wav,"The bottle for hydroxychloroquine looks a lot like hydralazine in low light, and I need to know if a single mix-up is dangerous.",val
/Users/aayanmapara/Hackathons/villagehacks/backend/audio_gen/output/run_5x_v3/telephony_rich_noisy/clip_0061_noisy_med.wav,"The bottle for hydroxychloroquine looks a lot like hydralazine in low light, and I need to know if a single mix-up is dangerous.",train
/Users/aayanmapara/Hackathons/villagehacks/backend/audio_gen/output/run_5x_v3/telephony/clip_0061_accented.wav,"The bottle for hydroxychloroquine looks a lot like hydralazine in low light, and I need to know if a single mix-up is dangerous.",train
/Users/aayanmapara/Hackathons/villagehacks/backend/audio_gen/output/run_5x_v3/telephony_rich_noisy/clip_0061_medical.wav,"The bottle for hydroxychloroquine looks a lot like hydralazine in low light, and I need to know if a single mix-up is dangerous.",test
/Users/aayanmapara/Hackathons/villagehacks/backend/audio_gen/output/run_5x_v3/telephony/clip_0062_clean.wav,"I started taking nitrofurantoin yesterday and now I feel short of breath and feverish, and I’m not sure if I should stop right away.",train
/Users/aayanmapara/Hackathons/villagehacks/backend/audio_gen/output/run_5x_v3/telephony_rich_noisy/clip_0062_noisy_med.wav,"I started taking nitrofurantoin yesterday and now I feel short of breath and feverish, and I’m not sure if I should stop right away.",train
/Users/aayanmapara/Hackathons/villagehacks/backend/audio_gen/output/run_5x_v3/telephony/clip_0062_accented.wav,"I started taking nitrofurantoin yesterday and now I feel short of breath and feverish, and I’m not sure if I should stop right away.",train
/Users/aayanmapara/Hackathons/villagehacks/backend/audio_gen/output/run_5x_v3/telephony_rich_noisy/clip_0062_noisy_high.wav,"I started taking nitrofurantoin yesterday and now I feel short of breath and feverish, and I’m not sure if I should stop right away.",val
/Users/aayanmapara/Hackathons/villagehacks/backend/audio_gen/output/run_5x_v3/telephony_rich_noisy/clip_0062_medical.wav,"I started taking nitrofurantoin yesterday and now I feel short of breath and feverish, and I’m not sure if I should stop right away.",test
/Users/aayanmapara/Hackathons/villagehacks/backend/audio_gen/output/run_5x_v3/telephony_rich_noisy/clip_0063_noisy_med.wav,My mom may have taken both carvedilol and metoprolol this morning because the pill organizer compartments were swapped.,train
/Users/aayanmapara/Hackathons/villagehacks/backend/audio_gen/output/run_5x_v3/telephony/clip_0063_clean.wav,My mom may have taken both carvedilol and metoprolol this morning because the pill organizer compartments were swapped.,train
/Users/aayanmapara/Hackathons/villagehacks/backend/audio_gen/output/run_5x_v3/telephony_rich_noisy/clip_0063_noisy_high.wav,My mom may have taken both carvedilol and metoprolol this morning because the pill organizer compartments were swapped.,val
/Users/aayanmapara/Hackathons/villagehacks/backend/audio_gen/output/run_5x_v3/telephony/clip_0063_accented.wav,My mom may have taken both carvedilol and metoprolol this morning because the pill organizer compartments were swapped.,train
/Users/aayanmapara/Hackathons/villagehacks/backend/audio_gen/output/run_5x_v3/telephony_rich_noisy/clip_0063_medical.wav,My mom may have taken both carvedilol and metoprolol this morning because the pill organizer compartments were swapped.,test
/Users/aayanmapara/Hackathons/villagehacks/backend/audio_gen/output/run_5x_v3/telephony/clip_0064_clean.wav,I need to verify whether the methimazole dose is 5 mg three times daily or 15 mg once daily because I wrote it down two different ways.,train
/Users/aayanmapara/Hackathons/villagehacks/backend/audio_gen/output/run_5x_v3/telephony_rich_noisy/clip_0064_noisy_med.wav,I need to verify whether the methimazole dose is 5 mg three times daily or 15 mg once daily because I wrote it down two different ways.,train
/Users/aayanmapara/Hackathons/villagehacks/backend/audio_gen/output/run_5x_v3/telephony_rich_noisy/clip_0064_noisy_high.wav,I need to verify whether the methimazole dose is 5 mg three times daily or 15 mg once daily because I wrote it down two different ways.,val
/Users/aayanmapara/Hackathons/villagehacks/backend/audio_gen/output/run_5x_v3/telephony/clip_0064_accented.wav,I need to verify whether the methimazole dose is 5 mg three times daily or 15 mg once daily because I wrote it down two different ways.,train
/Users/aayanmapara/Hackathons/villagehacks/backend/audio_gen/output/run_5x_v3/telephony_rich_noisy/clip_0064_medical.wav,I need to verify whether the methimazole dose is 5 mg three times daily or 15 mg once daily because I wrote it down two different ways.,test
