clip_id,script_family_id,base_script_id,text,voice_id,voice_type,speech_style,accent,category,difficulty,split,noise_level,has_interruptions,contains_numeric_confusion,numeric_confusion_type,contains_medical_terms,contains_ambiguity,scenario,scenario_group,noise_profile,accent_profile,medical_domain,medical_subtype
clip_0001_clean,family_0001,script_0001,"Hi, um, I take metformin, I think it’s either 50 mg or maybe 15 mg twice daily, I’m not completely sure, and lately I’ve been feeling kind of dizzy and lightheaded, so I wanted to check if I should keep taking it or adjust the dose.",CwhRBWXzGAHq8TQ4Fs17,neutral,calm,us,medication_followup,easy,train,low,false,true,duration_confusion,true,true,clean_speech,baseline,clean,,false,
clip_0001_noisy_med,family_0001,script_0001,"Hi, um, I take metformin, I think it’s either 50 mg or maybe 15 mg twice daily, I’m not completely sure, and lately I’ve been feeling kind of dizzy and lightheaded, so I wanted to check if I should keep taking it or adjust the dose.",EXAVITQu4vr4xnSDxMaL,telephony,conversational,us,triage_call,medium,train,medium,true,true,duration_confusion,true,true,noisy_environment,noisy,medium,,false,
clip_0001_noisy_high,family_0001,script_0001,"Hi, um, I take metformin, I think it’s either 50 mg or maybe 15 mg twice daily, I’m not completely sure, and lately I’ve been feeling kind of dizzy and lightheaded, so I wanted to check if I should keep taking it or adjust the dose.",FGY2WhTYpPnrIDTdsKH5,telephony,stressed,us,urgent_symptom,hard,val,high,true,true,duration_confusion,true,true,noisy_environment,noisy,high,,false,
clip_0001_accented,family_0001,script_0001,"Hi, um, I take metformin, I think it’s either 50 mg or maybe 15 mg twice daily, I’m not completely sure, and lately I’ve been feeling kind of dizzy and lightheaded, so I wanted to check if I should keep taking it or adjust the dose.",IKne3meq5aSn9XLyUdCD,accented,careful,indian_english,medication_question,medium,train,low,false,true,duration_confusion,true,true,accented_speech,accented,clean,south_asian_english,false,
clip_0001_medical,family_0001,script_0001,"Hi, um, I take metformin, I think it’s either 50 mg or maybe 15 mg twice daily, I’m not completely sure, and lately I’ve been feeling kind of dizzy and lightheaded, so I wanted to check if I should keep taking it or adjust the dose.",JBFqnCBsd6RMkjVDRZzb,clinical,clinical,us,medical_conversation,hard,test,medium,true,true,duration_confusion,true,true,medical_conversation,medical,medium,,true,medication_safety
clip_0002_clean,family_0002,script_0002,"Hello, I need a refill for lisinopril, I believe it’s 10 milligrams, but it might be 15, I’m not totally sure, once a day, and I only have like 5 or maybe 9 pills left, so I wanted to get that sorted out.",EXAVITQu4vr4xnSDxMaL,neutral,calm,us,medication_followup,easy,train,low,false,true,duration_confusion,true,true,clean_speech,baseline,clean,,false,
clip_0002_noisy_med,family_0002,script_0002,"Hello, I need a refill for lisinopril, I believe it’s 10 milligrams, but it might be 15, I’m not totally sure, once a day, and I only have like 5 or maybe 9 pills left, so I wanted to get that sorted out.",FGY2WhTYpPnrIDTdsKH5,telephony,conversational,us,triage_call,medium,train,medium,true,true,duration_confusion,true,true,noisy_environment,noisy,medium,,false,
clip_0002_noisy_high,family_0002,script_0002,"Hello, I need a refill for lisinopril, I believe it’s 10 milligrams, but it might be 15, I’m not totally sure, once a day, and I only have like 5 or maybe 9 pills left, so I wanted to get that sorted out.",IKne3meq5aSn9XLyUdCD,telephony,stressed,us,urgent_symptom,hard,val,high,true,true,duration_confusion,true,true,noisy_environment,noisy,high,,false,
clip_0002_accented,family_0002,script_0002,"Hello, I need a refill for lisinopril, I believe it’s 10 milligrams, but it might be 15, I’m not totally sure, once a day, and I only have like 5 or maybe 9 pills left, so I wanted to get that sorted out.",JBFqnCBsd6RMkjVDRZzb,accented,careful,indian_english,medication_question,medium,train,low,false,true,duration_confusion,true,true,accented_speech,accented,clean,south_asian_english,false,
clip_0002_medical,family_0002,script_0002,"Hello, I need a refill for lisinopril, I believe it’s 10 milligrams, but it might be 15, I’m not totally sure, once a day, and I only have like 5 or maybe 9 pills left, so I wanted to get that sorted out.",N2lVS1w4EtoT3dr4eOWO,clinical,clinical,us,medical_conversation,hard,test,medium,true,true,duration_confusion,true,true,medical_conversation,medical,medium,,true,medication_safety
clip_0003_clean,family_0003,script_0003,"So I’m taking amlodipine in the morning and atorvastatin at night, and I think the amlodipine is 5 mg, or maybe 9 mg, I might be mixing that up, but I’m running low and need a refill.",FGY2WhTYpPnrIDTdsKH5,neutral,calm,us,medication_followup,easy,train,low,false,true,dose_confusion,true,true,clean_speech,baseline,clean,,false,
clip_0003_noisy_med,family_0003,script_0003,"So I’m taking amlodipine in the morning and atorvastatin at night, and I think the amlodipine is 5 mg, or maybe 9 mg, I might be mixing that up, but I’m running low and need a refill.",IKne3meq5aSn9XLyUdCD,telephony,conversational,us,triage_call,medium,train,medium,true,true,dose_confusion,true,true,noisy_environment,noisy,medium,,false,
clip_0003_noisy_high,family_0003,script_0003,"So I’m taking amlodipine in the morning and atorvastatin at night, and I think the amlodipine is 5 mg, or maybe 9 mg, I might be mixing that up, but I’m running low and need a refill.",JBFqnCBsd6RMkjVDRZzb,telephony,stressed,us,urgent_symptom,hard,val,high,true,true,dose_confusion,true,true,noisy_environment,noisy,high,,false,
clip_0003_accented,family_0003,script_0003,"So I’m taking amlodipine in the morning and atorvastatin at night, and I think the amlodipine is 5 mg, or maybe 9 mg, I might be mixing that up, but I’m running low and need a refill.",N2lVS1w4EtoT3dr4eOWO,accented,careful,indian_english,medication_question,medium,train,low,false,true,dose_confusion,true,true,accented_speech,accented,clean,south_asian_english,false,
clip_0003_medical,family_0003,script_0003,"So I’m taking amlodipine in the morning and atorvastatin at night, and I think the amlodipine is 5 mg, or maybe 9 mg, I might be mixing that up, but I’m running low and need a refill.",SAz9YHcvj6GT2YYXdXww,clinical,clinical,us,medical_conversation,hard,test,medium,true,true,dose_confusion,true,true,medical_conversation,medical,medium,,true,medication_safety
clip_0004_clean,family_0004,script_0004,"Hi, I think I ran out of metoprolol yesterday, and I might have missed a dose, it’s either 25 or 50 milligrams, I can’t remember exactly, so I wanted to ask if I can refill it.",IKne3meq5aSn9XLyUdCD,neutral,calm,us,medication_followup,easy,train,low,false,true,duration_confusion,true,true,clean_speech,baseline,clean,,false,
clip_0004_noisy_med,family_0004,script_0004,"Hi, I think I ran out of metoprolol yesterday, and I might have missed a dose, it’s either 25 or 50 milligrams, I can’t remember exactly, so I wanted to ask if I can refill it.",JBFqnCBsd6RMkjVDRZzb,telephony,conversational,us,triage_call,medium,train,medium,true,true,duration_confusion,true,true,noisy_environment,noisy,medium,,false,
clip_0004_noisy_high,family_0004,script_0004,"Hi, I think I ran out of metoprolol yesterday, and I might have missed a dose, it’s either 25 or 50 milligrams, I can’t remember exactly, so I wanted to ask if I can refill it.",N2lVS1w4EtoT3dr4eOWO,telephony,stressed,us,urgent_symptom,hard,val,high,true,true,duration_confusion,true,true,noisy_environment,noisy,high,,false,
clip_0004_accented,family_0004,script_0004,"Hi, I think I ran out of metoprolol yesterday, and I might have missed a dose, it’s either 25 or 50 milligrams, I can’t remember exactly, so I wanted to ask if I can refill it.",SAz9YHcvj6GT2YYXdXww,accented,careful,indian_english,medication_question,medium,train,low,false,true,duration_confusion,true,true,accented_speech,accented,clean,south_asian_english,false,
clip_0004_medical,family_0004,script_0004,"Hi, I think I ran out of metoprolol yesterday, and I might have missed a dose, it’s either 25 or 50 milligrams, I can’t remember exactly, so I wanted to ask if I can refill it.",Xb7hH8MSUJpSbSDYk0k2,clinical,clinical,us,medical_conversation,hard,test,medium,true,true,duration_confusion,true,true,medical_conversation,medical,medium,,true,medication_safety
clip_0005_clean,family_0005,script_0005,"Since my surgery last week, I’ve been taking oxycodone, I think it’s 5 mg but maybe 9 mg, and I’ve been feeling really nauseous and kind of dizzy, so I’m not sure if that’s normal or if I should switch medications.",JBFqnCBsd6RMkjVDRZzb,neutral,calm,us,medication_followup,easy,train,low,false,true,duration_confusion,true,true,clean_speech,baseline,clean,,false,
clip_0005_noisy_med,family_0005,script_0005,"Since my surgery last week, I’ve been taking oxycodone, I think it’s 5 mg but maybe 9 mg, and I’ve been feeling really nauseous and kind of dizzy, so I’m not sure if that’s normal or if I should switch medications.",N2lVS1w4EtoT3dr4eOWO,telephony,conversational,us,triage_call,medium,train,medium,true,true,duration_confusion,true,true,noisy_environment,noisy,medium,,false,
clip_0005_noisy_high,family_0005,script_0005,"Since my surgery last week, I’ve been taking oxycodone, I think it’s 5 mg but maybe 9 mg, and I’ve been feeling really nauseous and kind of dizzy, so I’m not sure if that’s normal or if I should switch medications.",SAz9YHcvj6GT2YYXdXww,telephony,stressed,us,urgent_symptom,hard,val,high,true,true,duration_confusion,true,true,noisy_environment,noisy,high,,false,
clip_0005_accented,family_0005,script_0005,"Since my surgery last week, I’ve been taking oxycodone, I think it’s 5 mg but maybe 9 mg, and I’ve been feeling really nauseous and kind of dizzy, so I’m not sure if that’s normal or if I should switch medications.",Xb7hH8MSUJpSbSDYk0k2,accented,careful,indian_english,medication_question,medium,train,low,false,true,duration_confusion,true,true,accented_speech,accented,clean,south_asian_english,false,
clip_0005_medical,family_0005,script_0005,"Since my surgery last week, I’ve been taking oxycodone, I think it’s 5 mg but maybe 9 mg, and I’ve been feeling really nauseous and kind of dizzy, so I’m not sure if that’s normal or if I should switch medications.",onwK4e9ZLuTAKqWW03F9,clinical,clinical,us,medical_conversation,hard,test,medium,true,true,duration_confusion,true,true,medical_conversation,medical,medium,,true,medication_safety
clip_0006_clean,family_0006,script_0006,"After the procedure, I was prescribed hydrocodone, or maybe hydroxyzine, I’m not totally sure which one, for pain, and it helps, but I feel very tired and a bit confused sometimes.",N2lVS1w4EtoT3dr4eOWO,neutral,calm,us,medication_followup,easy,train,low,false,false,none,true,true,clean_speech,baseline,clean,,false,
clip_0006_noisy_med,family_0006,script_0006,"After the procedure, I was prescribed hydrocodone, or maybe hydroxyzine, I’m not totally sure which one, for pain, and it helps, but I feel very tired and a bit confused sometimes.",SAz9YHcvj6GT2YYXdXww,telephony,conversational,us,triage_call,medium,train,medium,true,false,none,true,true,noisy_environment,noisy,medium,,false,
clip_0006_noisy_high,family_0006,script_0006,"After the procedure, I was prescribed hydrocodone, or maybe hydroxyzine, I’m not totally sure which one, for pain, and it helps, but I feel very tired and a bit confused sometimes.",Xb7hH8MSUJpSbSDYk0k2,telephony,stressed,us,urgent_symptom,hard,val,high,true,false,none,true,true,noisy_environment,noisy,high,,false,
clip_0006_accented,family_0006,script_0006,"After the procedure, I was prescribed hydrocodone, or maybe hydroxyzine, I’m not totally sure which one, for pain, and it helps, but I feel very tired and a bit confused sometimes.",onwK4e9ZLuTAKqWW03F9,accented,careful,indian_english,medication_question,medium,train,low,false,false,none,true,true,accented_speech,accented,clean,south_asian_english,false,
clip_0006_medical,family_0006,script_0006,"After the procedure, I was prescribed hydrocodone, or maybe hydroxyzine, I’m not totally sure which one, for pain, and it helps, but I feel very tired and a bit confused sometimes.",pNInz6obpgDQGcFmaJgB,clinical,clinical,us,medical_conversation,hard,test,medium,true,false,none,true,true,medical_conversation,medical,medium,,true,medication_safety
clip_0007_clean,family_0007,script_0007,"I had knee surgery about ten days ago, and I’ve been alternating between ibuprofen and acetaminophen, like maybe every 6 or 16 hours, I might be saying that wrong, but the pain is still there.",SAz9YHcvj6GT2YYXdXww,neutral,calm,us,medication_followup,easy,train,low,false,true,duration_confusion,true,true,clean_speech,baseline,clean,,false,
clip_0007_noisy_med,family_0007,script_0007,"I had knee surgery about ten days ago, and I’ve been alternating between ibuprofen and acetaminophen, like maybe every 6 or 16 hours, I might be saying that wrong, but the pain is still there.",Xb7hH8MSUJpSbSDYk0k2,telephony,conversational,us,triage_call,medium,train,medium,true,true,duration_confusion,true,true,noisy_environment,noisy,medium,,false,
clip_0007_noisy_high,family_0007,script_0007,"I had knee surgery about ten days ago, and I’ve been alternating between ibuprofen and acetaminophen, like maybe every 6 or 16 hours, I might be saying that wrong, but the pain is still there.",onwK4e9ZLuTAKqWW03F9,telephony,stressed,us,urgent_symptom,hard,val,high,true,true,duration_confusion,true,true,noisy_environment,noisy,high,,false,
clip_0007_accented,family_0007,script_0007,"I had knee surgery about ten days ago, and I’ve been alternating between ibuprofen and acetaminophen, like maybe every 6 or 16 hours, I might be saying that wrong, but the pain is still there.",pNInz6obpgDQGcFmaJgB,accented,careful,indian_english,medication_question,medium,train,low,false,true,duration_confusion,true,true,accented_speech,accented,clean,south_asian_english,false,
clip_0007_medical,family_0007,script_0007,"I had knee surgery about ten days ago, and I’ve been alternating between ibuprofen and acetaminophen, like maybe every 6 or 16 hours, I might be saying that wrong, but the pain is still there.",CwhRBWXzGAHq8TQ4Fs17,clinical,clinical,us,medical_conversation,hard,test,medium,true,true,duration_confusion,true,true,medical_conversation,medical,medium,,true,medication_safety
clip_0008_clean,family_0008,script_0008,"My incision area still hurts, and I’ve been taking tramadol occasionally, maybe 50 or 15 milligrams when it gets bad, but I’m not sure if I’m taking too much.",Xb7hH8MSUJpSbSDYk0k2,neutral,calm,us,medication_followup,easy,train,low,false,true,dose_confusion,true,true,clean_speech,baseline,clean,,false,
clip_0008_noisy_med,family_0008,script_0008,"My incision area still hurts, and I’ve been taking tramadol occasionally, maybe 50 or 15 milligrams when it gets bad, but I’m not sure if I’m taking too much.",onwK4e9ZLuTAKqWW03F9,telephony,conversational,us,triage_call,medium,train,medium,true,true,dose_confusion,true,true,noisy_environment,noisy,medium,,false,
clip_0008_noisy_high,family_0008,script_0008,"My incision area still hurts, and I’ve been taking tramadol occasionally, maybe 50 or 15 milligrams when it gets bad, but I’m not sure if I’m taking too much.",pNInz6obpgDQGcFmaJgB,telephony,stressed,us,urgent_symptom,hard,val,high,true,true,dose_confusion,true,true,noisy_environment,noisy,high,,false,
clip_0008_accented,family_0008,script_0008,"My incision area still hurts, and I’ve been taking tramadol occasionally, maybe 50 or 15 milligrams when it gets bad, but I’m not sure if I’m taking too much.",CwhRBWXzGAHq8TQ4Fs17,accented,careful,indian_english,medication_question,medium,train,low,false,true,dose_confusion,true,true,accented_speech,accented,clean,south_asian_english,false,
clip_0008_medical,family_0008,script_0008,"My incision area still hurts, and I’ve been taking tramadol occasionally, maybe 50 or 15 milligrams when it gets bad, but I’m not sure if I’m taking too much.",EXAVITQu4vr4xnSDxMaL,clinical,clinical,us,medical_conversation,hard,test,medium,true,true,dose_confusion,true,true,medical_conversation,medical,medium,,true,medication_safety
clip_0009_clean,family_0009,script_0009,"Over the past few days, I’ve been feeling shortness of breath and some tightness in my chest, especially when I walk, and I’m also on metformin or maybe methotrexate, I might be mixing that up.",onwK4e9ZLuTAKqWW03F9,neutral,calm,us,medication_followup,easy,train,low,false,false,none,true,true,clean_speech,baseline,clean,,false,
clip_0009_noisy_med,family_0009,script_0009,"Over the past few days, I’ve been feeling shortness of breath and some tightness in my chest, especially when I walk, and I’m also on metformin or maybe methotrexate, I might be mixing that up.",pNInz6obpgDQGcFmaJgB,telephony,conversational,us,triage_call,medium,train,medium,true,false,none,true,true,noisy_environment,noisy,medium,,false,
clip_0009_noisy_high,family_0009,script_0009,"Over the past few days, I’ve been feeling shortness of breath and some tightness in my chest, especially when I walk, and I’m also on metformin or maybe methotrexate, I might be mixing that up.",CwhRBWXzGAHq8TQ4Fs17,telephony,stressed,us,urgent_symptom,hard,val,high,true,false,none,true,true,noisy_environment,noisy,high,,false,
clip_0009_accented,family_0009,script_0009,"Over the past few days, I’ve been feeling shortness of breath and some tightness in my chest, especially when I walk, and I’m also on metformin or maybe methotrexate, I might be mixing that up.",EXAVITQu4vr4xnSDxMaL,accented,careful,indian_english,medication_question,medium,train,low,false,false,none,true,true,accented_speech,accented,clean,south_asian_english,false,
clip_0009_medical,family_0009,script_0009,"Over the past few days, I’ve been feeling shortness of breath and some tightness in my chest, especially when I walk, and I’m also on metformin or maybe methotrexate, I might be mixing that up.",FGY2WhTYpPnrIDTdsKH5,clinical,clinical,us,medical_conversation,hard,test,medium,true,false,none,true,true,medical_conversation,medical,medium,,true,medication_safety
clip_0010_clean,family_0010,script_0010,"I’ve been feeling dizzy after taking my blood pressure medication in the morning, and sometimes I feel like I might faint, especially if I take like 10 or maybe 20 milligrams.",pNInz6obpgDQGcFmaJgB,neutral,calm,us,medication_followup,easy,train,low,false,true,dose_confusion,false,true,clean_speech,baseline,clean,,false,
clip_0010_noisy_med,family_0010,script_0010,"I’ve been feeling dizzy after taking my blood pressure medication in the morning, and sometimes I feel like I might faint, especially if I take like 10 or maybe 20 milligrams.",CwhRBWXzGAHq8TQ4Fs17,telephony,conversational,us,triage_call,medium,train,medium,true,true,dose_confusion,false,true,noisy_environment,noisy,medium,,false,
clip_0010_noisy_high,family_0010,script_0010,"I’ve been feeling dizzy after taking my blood pressure medication in the morning, and sometimes I feel like I might faint, especially if I take like 10 or maybe 20 milligrams.",EXAVITQu4vr4xnSDxMaL,telephony,stressed,us,urgent_symptom,hard,val,high,true,true,dose_confusion,false,true,noisy_environment,noisy,high,,false,
clip_0010_accented,family_0010,script_0010,"I’ve been feeling dizzy after taking my blood pressure medication in the morning, and sometimes I feel like I might faint, especially if I take like 10 or maybe 20 milligrams.",FGY2WhTYpPnrIDTdsKH5,accented,careful,indian_english,medication_question,medium,train,low,false,true,dose_confusion,false,true,accented_speech,accented,clean,south_asian_english,false,
clip_0010_medical,family_0010,script_0010,"I’ve been feeling dizzy after taking my blood pressure medication in the morning, and sometimes I feel like I might faint, especially if I take like 10 or maybe 20 milligrams.",IKne3meq5aSn9XLyUdCD,clinical,clinical,us,medical_conversation,hard,test,medium,true,true,dose_confusion,false,true,medical_conversation,medical,medium,,true,medication_safety
clip_0011_clean,family_0011,script_0011,"I started having headaches after I began taking prednisone, or maybe prednisolone, I’m not completely sure, and they seem to come and go throughout the day.",CwhRBWXzGAHq8TQ4Fs17,neutral,calm,us,medication_followup,easy,train,low,false,false,none,true,true,clean_speech,baseline,clean,,false,
clip_0011_noisy_med,family_0011,script_0011,"I started having headaches after I began taking prednisone, or maybe prednisolone, I’m not completely sure, and they seem to come and go throughout the day.",EXAVITQu4vr4xnSDxMaL,telephony,conversational,us,triage_call,medium,train,medium,true,false,none,true,true,noisy_environment,noisy,medium,,false,
clip_0011_noisy_high,family_0011,script_0011,"I started having headaches after I began taking prednisone, or maybe prednisolone, I’m not completely sure, and they seem to come and go throughout the day.",FGY2WhTYpPnrIDTdsKH5,telephony,stressed,us,urgent_symptom,hard,val,high,true,false,none,true,true,noisy_environment,noisy,high,,false,
clip_0011_accented,family_0011,script_0011,"I started having headaches after I began taking prednisone, or maybe prednisolone, I’m not completely sure, and they seem to come and go throughout the day.",IKne3meq5aSn9XLyUdCD,accented,careful,indian_english,medication_question,medium,train,low,false,false,none,true,true,accented_speech,accented,clean,south_asian_english,false,
clip_0011_medical,family_0011,script_0011,"I started having headaches after I began taking prednisone, or maybe prednisolone, I’m not completely sure, and they seem to come and go throughout the day.",JBFqnCBsd6RMkjVDRZzb,clinical,clinical,us,medical_conversation,hard,test,medium,true,false,none,true,true,medical_conversation,medical,medium,,true,medication_safety
clip_0012_clean,family_0012,script_0012,"I’ve been feeling nauseous and really fatigued ever since I started taking antibiotics, maybe amoxicillin or something similar, and it’s been about 13 or 30 hours since the symptoms started.",EXAVITQu4vr4xnSDxMaL,neutral,calm,us,medication_followup,easy,train,low,false,true,duration_confusion,true,true,clean_speech,baseline,clean,,false,
clip_0012_noisy_med,family_0012,script_0012,"I’ve been feeling nauseous and really fatigued ever since I started taking antibiotics, maybe amoxicillin or something similar, and it’s been about 13 or 30 hours since the symptoms started.",FGY2WhTYpPnrIDTdsKH5,telephony,conversational,us,triage_call,medium,train,medium,true,true,duration_confusion,true,true,noisy_environment,noisy,medium,,false,
clip_0012_noisy_high,family_0012,script_0012,"I’ve been feeling nauseous and really fatigued ever since I started taking antibiotics, maybe amoxicillin or something similar, and it’s been about 13 or 30 hours since the symptoms started.",IKne3meq5aSn9XLyUdCD,telephony,stressed,us,urgent_symptom,hard,val,high,true,true,duration_confusion,true,true,noisy_environment,noisy,high,,false,
clip_0012_accented,family_0012,script_0012,"I’ve been feeling nauseous and really fatigued ever since I started taking antibiotics, maybe amoxicillin or something similar, and it’s been about 13 or 30 hours since the symptoms started.",JBFqnCBsd6RMkjVDRZzb,accented,careful,indian_english,medication_question,medium,train,low,false,true,duration_confusion,true,true,accented_speech,accented,clean,south_asian_english,false,
clip_0012_medical,family_0012,script_0012,"I’ve been feeling nauseous and really fatigued ever since I started taking antibiotics, maybe amoxicillin or something similar, and it’s been about 13 or 30 hours since the symptoms started.",N2lVS1w4EtoT3dr4eOWO,clinical,clinical,us,medical_conversation,hard,test,medium,true,true,duration_confusion,true,true,medical_conversation,medical,medium,,true,medication_safety
clip_0013_clean,family_0013,script_0013,"I just wanted to let you know that I’m allergic to penicillin, because the last time I took it I developed a rash and some swelling, maybe after like 5 or 9 hours.",FGY2WhTYpPnrIDTdsKH5,neutral,calm,us,medication_followup,easy,train,low,false,true,duration_confusion,true,true,clean_speech,baseline,clean,,false,
clip_0013_noisy_med,family_0013,script_0013,"I just wanted to let you know that I’m allergic to penicillin, because the last time I took it I developed a rash and some swelling, maybe after like 5 or 9 hours.",IKne3meq5aSn9XLyUdCD,telephony,conversational,us,triage_call,medium,train,medium,true,true,duration_confusion,true,true,noisy_environment,noisy,medium,,false,
clip_0013_noisy_high,family_0013,script_0013,"I just wanted to let you know that I’m allergic to penicillin, because the last time I took it I developed a rash and some swelling, maybe after like 5 or 9 hours.",JBFqnCBsd6RMkjVDRZzb,telephony,stressed,us,urgent_symptom,hard,val,high,true,true,duration_confusion,true,true,noisy_environment,noisy,high,,false,
clip_0013_accented,family_0013,script_0013,"I just wanted to let you know that I’m allergic to penicillin, because the last time I took it I developed a rash and some swelling, maybe after like 5 or 9 hours.",N2lVS1w4EtoT3dr4eOWO,accented,careful,indian_english,medication_question,medium,train,low,false,true,duration_confusion,true,true,accented_speech,accented,clean,south_asian_english,false,
clip_0013_medical,family_0013,script_0013,"I just wanted to let you know that I’m allergic to penicillin, because the last time I took it I developed a rash and some swelling, maybe after like 5 or 9 hours.",SAz9YHcvj6GT2YYXdXww,clinical,clinical,us,medical_conversation,hard,test,medium,true,true,duration_confusion,true,true,medical_conversation,medical,medium,,true,medication_safety
clip_0014_clean,family_0014,script_0014,"I think I had a reaction to amoxicillin, or maybe amlodipine, I might be confusing the names, but I broke out in hives a few years ago.",IKne3meq5aSn9XLyUdCD,neutral,calm,us,medication_followup,easy,train,low,false,false,none,true,true,clean_speech,baseline,clean,,false,
clip_0014_noisy_med,family_0014,script_0014,"I think I had a reaction to amoxicillin, or maybe amlodipine, I might be confusing the names, but I broke out in hives a few years ago.",JBFqnCBsd6RMkjVDRZzb,telephony,conversational,us,triage_call,medium,train,medium,true,false,none,true,true,noisy_environment,noisy,medium,,false,
clip_0014_noisy_high,family_0014,script_0014,"I think I had a reaction to amoxicillin, or maybe amlodipine, I might be confusing the names, but I broke out in hives a few years ago.",N2lVS1w4EtoT3dr4eOWO,telephony,stressed,us,urgent_symptom,hard,val,high,true,false,none,true,true,noisy_environment,noisy,high,,false,
clip_0014_accented,family_0014,script_0014,"I think I had a reaction to amoxicillin, or maybe amlodipine, I might be confusing the names, but I broke out in hives a few years ago.",SAz9YHcvj6GT2YYXdXww,accented,careful,indian_english,medication_question,medium,train,low,false,false,none,true,true,accented_speech,accented,clean,south_asian_english,false,
clip_0014_medical,family_0014,script_0014,"I think I had a reaction to amoxicillin, or maybe amlodipine, I might be confusing the names, but I broke out in hives a few years ago.",Xb7hH8MSUJpSbSDYk0k2,clinical,clinical,us,medical_conversation,hard,test,medium,true,false,none,true,true,medical_conversation,medical,medium,,true,medication_safety
clip_0015_clean,family_0015,script_0015,"I might be allergic to sulfa drugs, because I remember feeling really sick and getting a rash, maybe after 15 or 50 minutes, I don’t remember exactly.",JBFqnCBsd6RMkjVDRZzb,neutral,calm,us,medication_followup,easy,train,low,false,true,duration_confusion,true,true,clean_speech,baseline,clean,,false,
clip_0015_noisy_med,family_0015,script_0015,"I might be allergic to sulfa drugs, because I remember feeling really sick and getting a rash, maybe after 15 or 50 minutes, I don’t remember exactly.",N2lVS1w4EtoT3dr4eOWO,telephony,conversational,us,triage_call,medium,train,medium,true,true,duration_confusion,true,true,noisy_environment,noisy,medium,,false,
clip_0015_noisy_high,family_0015,script_0015,"I might be allergic to sulfa drugs, because I remember feeling really sick and getting a rash, maybe after 15 or 50 minutes, I don’t remember exactly.",SAz9YHcvj6GT2YYXdXww,telephony,stressed,us,urgent_symptom,hard,val,high,true,true,duration_confusion,true,true,noisy_environment,noisy,high,,false,
clip_0015_accented,family_0015,script_0015,"I might be allergic to sulfa drugs, because I remember feeling really sick and getting a rash, maybe after 15 or 50 minutes, I don’t remember exactly.",Xb7hH8MSUJpSbSDYk0k2,accented,careful,indian_english,medication_question,medium,train,low,false,true,duration_confusion,true,true,accented_speech,accented,clean,south_asian_english,false,
clip_0015_medical,family_0015,script_0015,"I might be allergic to sulfa drugs, because I remember feeling really sick and getting a rash, maybe after 15 or 50 minutes, I don’t remember exactly.",onwK4e9ZLuTAKqWW03F9,clinical,clinical,us,medical_conversation,hard,test,medium,true,true,duration_confusion,true,true,medical_conversation,medical,medium,,true,medication_safety
clip_0016_clean,family_0016,script_0016,"The last time I took ibuprofen, I noticed swelling in my face and hands afterward, maybe within 6 or 16 hours, so I’m wondering if that was an allergic reaction.",N2lVS1w4EtoT3dr4eOWO,neutral,calm,us,medication_followup,easy,train,low,false,true,duration_confusion,true,true,clean_speech,baseline,clean,,false,
clip_0016_noisy_med,family_0016,script_0016,"The last time I took ibuprofen, I noticed swelling in my face and hands afterward, maybe within 6 or 16 hours, so I’m wondering if that was an allergic reaction.",SAz9YHcvj6GT2YYXdXww,telephony,conversational,us,triage_call,medium,train,medium,true,true,duration_confusion,true,true,noisy_environment,noisy,medium,,false,
clip_0016_noisy_high,family_0016,script_0016,"The last time I took ibuprofen, I noticed swelling in my face and hands afterward, maybe within 6 or 16 hours, so I’m wondering if that was an allergic reaction.",Xb7hH8MSUJpSbSDYk0k2,telephony,stressed,us,urgent_symptom,hard,val,high,true,true,duration_confusion,true,true,noisy_environment,noisy,high,,false,
clip_0016_accented,family_0016,script_0016,"The last time I took ibuprofen, I noticed swelling in my face and hands afterward, maybe within 6 or 16 hours, so I’m wondering if that was an allergic reaction.",onwK4e9ZLuTAKqWW03F9,accented,careful,indian_english,medication_question,medium,train,low,false,true,duration_confusion,true,true,accented_speech,accented,clean,south_asian_english,false,
clip_0016_medical,family_0016,script_0016,"The last time I took ibuprofen, I noticed swelling in my face and hands afterward, maybe within 6 or 16 hours, so I’m wondering if that was an allergic reaction.",pNInz6obpgDQGcFmaJgB,clinical,clinical,us,medical_conversation,hard,test,medium,true,true,duration_confusion,true,true,medical_conversation,medical,medium,,true,medication_safety
clip_0017_clean,family_0017,script_0017,"I wanted to ask if I should be taking metformin 500 mg once or twice daily, or maybe like 50 mg twice daily, I might be saying that wrong, I just want to be sure.",SAz9YHcvj6GT2YYXdXww,neutral,calm,us,medication_followup,easy,train,low,false,true,duration_confusion,true,true,clean_speech,baseline,clean,,false,
clip_0017_noisy_med,family_0017,script_0017,"I wanted to ask if I should be taking metformin 500 mg once or twice daily, or maybe like 50 mg twice daily, I might be saying that wrong, I just want to be sure.",Xb7hH8MSUJpSbSDYk0k2,telephony,conversational,us,triage_call,medium,train,medium,true,true,duration_confusion,true,true,noisy_environment,noisy,medium,,false,
clip_0017_noisy_high,family_0017,script_0017,"I wanted to ask if I should be taking metformin 500 mg once or twice daily, or maybe like 50 mg twice daily, I might be saying that wrong, I just want to be sure.",onwK4e9ZLuTAKqWW03F9,telephony,stressed,us,urgent_symptom,hard,val,high,true,true,duration_confusion,true,true,noisy_environment,noisy,high,,false,
clip_0017_accented,family_0017,script_0017,"I wanted to ask if I should be taking metformin 500 mg once or twice daily, or maybe like 50 mg twice daily, I might be saying that wrong, I just want to be sure.",pNInz6obpgDQGcFmaJgB,accented,careful,indian_english,medication_question,medium,train,low,false,true,duration_confusion,true,true,accented_speech,accented,clean,south_asian_english,false,
clip_0017_medical,family_0017,script_0017,"I wanted to ask if I should be taking metformin 500 mg once or twice daily, or maybe like 50 mg twice daily, I might be saying that wrong, I just want to be sure.",CwhRBWXzGAHq8TQ4Fs17,clinical,clinical,us,medical_conversation,hard,test,medium,true,true,duration_confusion,true,true,medical_conversation,medical,medium,,true,medication_safety
clip_0018_clean,family_0018,script_0018,"Right now I’m taking lisinopril 10 milligrams, but my blood pressure is still high, so I was wondering if I can increase it to 20 or maybe 30 milligrams safely.",Xb7hH8MSUJpSbSDYk0k2,neutral,calm,us,medication_followup,easy,train,low,false,true,dose_confusion,true,true,clean_speech,baseline,clean,,false,
clip_0018_noisy_med,family_0018,script_0018,"Right now I’m taking lisinopril 10 milligrams, but my blood pressure is still high, so I was wondering if I can increase it to 20 or maybe 30 milligrams safely.",onwK4e9ZLuTAKqWW03F9,telephony,conversational,us,triage_call,medium,train,medium,true,true,dose_confusion,true,true,noisy_environment,noisy,medium,,false,
clip_0018_noisy_high,family_0018,script_0018,"Right now I’m taking lisinopril 10 milligrams, but my blood pressure is still high, so I was wondering if I can increase it to 20 or maybe 30 milligrams safely.",pNInz6obpgDQGcFmaJgB,telephony,stressed,us,urgent_symptom,hard,val,high,true,true,dose_confusion,true,true,noisy_environment,noisy,high,,false,
clip_0018_accented,family_0018,script_0018,"Right now I’m taking lisinopril 10 milligrams, but my blood pressure is still high, so I was wondering if I can increase it to 20 or maybe 30 milligrams safely.",CwhRBWXzGAHq8TQ4Fs17,accented,careful,indian_english,medication_question,medium,train,low,false,true,dose_confusion,true,true,accented_speech,accented,clean,south_asian_english,false,
clip_0018_medical,family_0018,script_0018,"Right now I’m taking lisinopril 10 milligrams, but my blood pressure is still high, so I was wondering if I can increase it to 20 or maybe 30 milligrams safely.",EXAVITQu4vr4xnSDxMaL,clinical,clinical,us,medical_conversation,hard,test,medium,true,true,dose_confusion,true,true,medical_conversation,medical,medium,,true,medication_safety
clip_0019_clean,family_0019,script_0019,"Is it okay if I take two tablets of ibuprofen at once when the pain gets really bad, or should I stick to one, like every 5 or 9 hours.",onwK4e9ZLuTAKqWW03F9,neutral,calm,us,medication_followup,easy,train,low,false,false,none,true,false,clean_speech,baseline,clean,,false,
clip_0019_noisy_med,family_0019,script_0019,"Is it okay if I take two tablets of ibuprofen at once when the pain gets really bad, or should I stick to one, like every 5 or 9 hours.",pNInz6obpgDQGcFmaJgB,telephony,conversational,us,triage_call,medium,train,medium,true,false,none,true,false,noisy_environment,noisy,medium,,false,
clip_0019_noisy_high,family_0019,script_0019,"Is it okay if I take two tablets of ibuprofen at once when the pain gets really bad, or should I stick to one, like every 5 or 9 hours.",CwhRBWXzGAHq8TQ4Fs17,telephony,stressed,us,urgent_symptom,hard,val,high,true,false,none,true,false,noisy_environment,noisy,high,,false,
clip_0019_accented,family_0019,script_0019,"Is it okay if I take two tablets of ibuprofen at once when the pain gets really bad, or should I stick to one, like every 5 or 9 hours.",EXAVITQu4vr4xnSDxMaL,accented,careful,indian_english,medication_question,medium,train,low,false,false,none,true,false,accented_speech,accented,clean,south_asian_english,false,
clip_0019_medical,family_0019,script_0019,"Is it okay if I take two tablets of ibuprofen at once when the pain gets really bad, or should I stick to one, like every 5 or 9 hours.",FGY2WhTYpPnrIDTdsKH5,clinical,clinical,us,medical_conversation,hard,test,medium,true,false,none,true,false,medical_conversation,medical,medium,,true,medication_safety
clip_0020_clean,family_0020,script_0020,"I was prescribed prednisone for inflammation, but I’m not sure how often I should take it, like maybe every 12 or 20 hours, or if I need to taper the dose.",pNInz6obpgDQGcFmaJgB,neutral,calm,us,medication_followup,easy,train,low,false,true,duration_confusion,true,true,clean_speech,baseline,clean,,false,
clip_0020_noisy_med,family_0020,script_0020,"I was prescribed prednisone for inflammation, but I’m not sure how often I should take it, like maybe every 12 or 20 hours, or if I need to taper the dose.",CwhRBWXzGAHq8TQ4Fs17,telephony,conversational,us,triage_call,medium,train,medium,true,true,duration_confusion,true,true,noisy_environment,noisy,medium,,false,
clip_0020_noisy_high,family_0020,script_0020,"I was prescribed prednisone for inflammation, but I’m not sure how often I should take it, like maybe every 12 or 20 hours, or if I need to taper the dose.",EXAVITQu4vr4xnSDxMaL,telephony,stressed,us,urgent_symptom,hard,val,high,true,true,duration_confusion,true,true,noisy_environment,noisy,high,,false,
clip_0020_accented,family_0020,script_0020,"I was prescribed prednisone for inflammation, but I’m not sure how often I should take it, like maybe every 12 or 20 hours, or if I need to taper the dose.",FGY2WhTYpPnrIDTdsKH5,accented,careful,indian_english,medication_question,medium,train,low,false,true,duration_confusion,true,true,accented_speech,accented,clean,south_asian_english,false,
clip_0020_medical,family_0020,script_0020,"I was prescribed prednisone for inflammation, but I’m not sure how often I should take it, like maybe every 12 or 20 hours, or if I need to taper the dose.",IKne3meq5aSn9XLyUdCD,clinical,clinical,us,medical_conversation,hard,test,medium,true,true,duration_confusion,true,true,medical_conversation,medical,medium,,true,medication_safety
clip_0021_clean,family_0021,script_0021,"For accuracy, I take metformin 500 mg twice daily and lisinopril 10 mg once daily, and I have not missed any doses this week.",CwhRBWXzGAHq8TQ4Fs17,neutral,calm,us,medication_followup,easy,train,low,false,false,none,true,false,clean_speech,baseline,clean,,false,
clip_0021_noisy_med,family_0021,script_0021,"For accuracy, I take metformin 500 mg twice daily and lisinopril 10 mg once daily, and I have not missed any doses this week.",EXAVITQu4vr4xnSDxMaL,telephony,conversational,us,triage_call,medium,train,medium,true,false,none,true,false,noisy_environment,noisy,medium,,false,
clip_0021_noisy_high,family_0021,script_0021,"For accuracy, I take metformin 500 mg twice daily and lisinopril 10 mg once daily, and I have not missed any doses this week.",FGY2WhTYpPnrIDTdsKH5,telephony,stressed,us,urgent_symptom,hard,val,high,true,false,none,true,false,noisy_environment,noisy,high,,false,
clip_0021_accented,family_0021,script_0021,"For accuracy, I take metformin 500 mg twice daily and lisinopril 10 mg once daily, and I have not missed any doses this week.",IKne3meq5aSn9XLyUdCD,accented,careful,indian_english,medication_question,medium,train,low,false,false,none,true,false,accented_speech,accented,clean,south_asian_english,false,
clip_0021_medical,family_0021,script_0021,"For accuracy, I take metformin 500 mg twice daily and lisinopril 10 mg once daily, and I have not missed any doses this week.",JBFqnCBsd6RMkjVDRZzb,clinical,clinical,us,medical_conversation,hard,test,medium,true,false,none,true,false,medical_conversation,medical,medium,,true,medication_safety
clip_0022_clean,family_0022,script_0022,"I take hydralazine 25 mg at 8 AM and hydroxyzine 10 mg at bedtime, and I’m confirming that both medications are listed correctly.",EXAVITQu4vr4xnSDxMaL,neutral,calm,us,medication_followup,easy,train,low,false,false,none,true,false,clean_speech,baseline,clean,,false,
clip_0022_noisy_med,family_0022,script_0022,"I take hydralazine 25 mg at 8 AM and hydroxyzine 10 mg at bedtime, and I’m confirming that both medications are listed correctly.",FGY2WhTYpPnrIDTdsKH5,telephony,conversational,us,triage_call,medium,train,medium,true,false,none,true,false,noisy_environment,noisy,medium,,false,
clip_0022_noisy_high,family_0022,script_0022,"I take hydralazine 25 mg at 8 AM and hydroxyzine 10 mg at bedtime, and I’m confirming that both medications are listed correctly.",IKne3meq5aSn9XLyUdCD,telephony,stressed,us,urgent_symptom,hard,val,high,true,false,none,true,false,noisy_environment,noisy,high,,false,
clip_0022_accented,family_0022,script_0022,"I take hydralazine 25 mg at 8 AM and hydroxyzine 10 mg at bedtime, and I’m confirming that both medications are listed correctly.",JBFqnCBsd6RMkjVDRZzb,accented,careful,indian_english,medication_question,medium,train,low,false,false,none,true,false,accented_speech,accented,clean,south_asian_english,false,
clip_0022_medical,family_0022,script_0022,"I take hydralazine 25 mg at 8 AM and hydroxyzine 10 mg at bedtime, and I’m confirming that both medications are listed correctly.",N2lVS1w4EtoT3dr4eOWO,clinical,clinical,us,medical_conversation,hard,test,medium,true,false,none,true,false,medical_conversation,medical,medium,,true,medication_safety
clip_0023_clean,family_0023,script_0023,"I switched from atorvastatin 20 mg to rosuvastatin 10 mg last month, and I want to make sure the old statin was removed from my medication list.",FGY2WhTYpPnrIDTdsKH5,neutral,calm,us,medication_followup,easy,train,low,false,false,none,true,false,clean_speech,baseline,clean,,false,
clip_0023_noisy_med,family_0023,script_0023,"I switched from atorvastatin 20 mg to rosuvastatin 10 mg last month, and I want to make sure the old statin was removed from my medication list.",IKne3meq5aSn9XLyUdCD,telephony,conversational,us,triage_call,medium,train,medium,true,false,none,true,false,noisy_environment,noisy,medium,,false,
clip_0023_noisy_high,family_0023,script_0023,"I switched from atorvastatin 20 mg to rosuvastatin 10 mg last month, and I want to make sure the old statin was removed from my medication list.",JBFqnCBsd6RMkjVDRZzb,telephony,stressed,us,urgent_symptom,hard,val,high,true,false,none,true,false,noisy_environment,noisy,high,,false,
clip_0023_accented,family_0023,script_0023,"I switched from atorvastatin 20 mg to rosuvastatin 10 mg last month, and I want to make sure the old statin was removed from my medication list.",N2lVS1w4EtoT3dr4eOWO,accented,careful,indian_english,medication_question,medium,train,low,false,false,none,true,false,accented_speech,accented,clean,south_asian_english,false,
clip_0023_medical,family_0023,script_0023,"I switched from atorvastatin 20 mg to rosuvastatin 10 mg last month, and I want to make sure the old statin was removed from my medication list.",SAz9YHcvj6GT2YYXdXww,clinical,clinical,us,medical_conversation,hard,test,medium,true,false,none,true,false,medical_conversation,medical,medium,,true,medication_safety
clip_0024_clean,family_0024,script_0024,"My endocrinologist started me on insulin glargine 18 units nightly, and yesterday my fasting glucose was 142, so I’m checking if this trend looks expected.",IKne3meq5aSn9XLyUdCD,neutral,calm,us,medication_followup,easy,train,low,false,false,none,true,false,clean_speech,baseline,clean,,false,
clip_0024_noisy_med,family_0024,script_0024,"My endocrinologist started me on insulin glargine 18 units nightly, and yesterday my fasting glucose was 142, so I’m checking if this trend looks expected.",JBFqnCBsd6RMkjVDRZzb,telephony,conversational,us,triage_call,medium,train,medium,true,false,none,true,false,noisy_environment,noisy,medium,,false,
clip_0024_noisy_high,family_0024,script_0024,"My endocrinologist started me on insulin glargine 18 units nightly, and yesterday my fasting glucose was 142, so I’m checking if this trend looks expected.",N2lVS1w4EtoT3dr4eOWO,telephony,stressed,us,urgent_symptom,hard,val,high,true,false,none,true,false,noisy_environment,noisy,high,,false,
clip_0024_accented,family_0024,script_0024,"My endocrinologist started me on insulin glargine 18 units nightly, and yesterday my fasting glucose was 142, so I’m checking if this trend looks expected.",SAz9YHcvj6GT2YYXdXww,accented,careful,indian_english,medication_question,medium,train,low,false,false,none,true,false,accented_speech,accented,clean,south_asian_english,false,
clip_0024_medical,family_0024,script_0024,"My endocrinologist started me on insulin glargine 18 units nightly, and yesterday my fasting glucose was 142, so I’m checking if this trend looks expected.",Xb7hH8MSUJpSbSDYk0k2,clinical,clinical,us,medical_conversation,hard,test,medium,true,false,none,true,false,medical_conversation,medical,medium,,true,medication_safety
clip_0025_clean,family_0025,script_0025,"I took amoxicillin for three days and now I have itching and a red rash, and I need advice on whether to stop immediately.",JBFqnCBsd6RMkjVDRZzb,neutral,calm,us,medication_followup,easy,train,low,false,false,none,true,false,clean_speech,baseline,clean,,false,
clip_0025_noisy_med,family_0025,script_0025,"I took amoxicillin for three days and now I have itching and a red rash, and I need advice on whether to stop immediately.",N2lVS1w4EtoT3dr4eOWO,telephony,conversational,us,triage_call,medium,train,medium,true,false,none,true,false,noisy_environment,noisy,medium,,false,
clip_0025_noisy_high,family_0025,script_0025,"I took amoxicillin for three days and now I have itching and a red rash, and I need advice on whether to stop immediately.",SAz9YHcvj6GT2YYXdXww,telephony,stressed,us,urgent_symptom,hard,val,high,true,false,none,true,false,noisy_environment,noisy,high,,false,
clip_0025_accented,family_0025,script_0025,"I took amoxicillin for three days and now I have itching and a red rash, and I need advice on whether to stop immediately.",Xb7hH8MSUJpSbSDYk0k2,accented,careful,indian_english,medication_question,medium,train,low,false,false,none,true,false,accented_speech,accented,clean,south_asian_english,false,
clip_0025_medical,family_0025,script_0025,"I took amoxicillin for three days and now I have itching and a red rash, and I need advice on whether to stop immediately.",onwK4e9ZLuTAKqWW03F9,clinical,clinical,us,medical_conversation,hard,test,medium,true,false,none,true,false,medical_conversation,medical,medium,,true,medication_safety
clip_0026_clean,family_0026,script_0026,"After my dental procedure, I was told to use ibuprofen 600 mg every 6 hours, but I accidentally took it every 4 hours for one day.",N2lVS1w4EtoT3dr4eOWO,neutral,calm,us,medication_followup,easy,train,low,false,false,none,true,false,clean_speech,baseline,clean,,false,
clip_0026_noisy_med,family_0026,script_0026,"After my dental procedure, I was told to use ibuprofen 600 mg every 6 hours, but I accidentally took it every 4 hours for one day.",SAz9YHcvj6GT2YYXdXww,telephony,conversational,us,triage_call,medium,train,medium,true,false,none,true,false,noisy_environment,noisy,medium,,false,
clip_0026_noisy_high,family_0026,script_0026,"After my dental procedure, I was told to use ibuprofen 600 mg every 6 hours, but I accidentally took it every 4 hours for one day.",Xb7hH8MSUJpSbSDYk0k2,telephony,stressed,us,urgent_symptom,hard,val,high,true,false,none,true,false,noisy_environment,noisy,high,,false,
clip_0026_accented,family_0026,script_0026,"After my dental procedure, I was told to use ibuprofen 600 mg every 6 hours, but I accidentally took it every 4 hours for one day.",onwK4e9ZLuTAKqWW03F9,accented,careful,indian_english,medication_question,medium,train,low,false,false,none,true,false,accented_speech,accented,clean,south_asian_english,false,
clip_0026_medical,family_0026,script_0026,"After my dental procedure, I was told to use ibuprofen 600 mg every 6 hours, but I accidentally took it every 4 hours for one day.",pNInz6obpgDQGcFmaJgB,clinical,clinical,us,medical_conversation,hard,test,medium,true,false,none,true,false,medical_conversation,medical,medium,,true,medication_safety
clip_0027_clean,family_0027,script_0027,"I might have mixed up levothyroxine 75 mcg with lisinopril 10 mg this morning, and I want to know if I should monitor symptoms.",SAz9YHcvj6GT2YYXdXww,neutral,calm,us,medication_followup,easy,train,low,false,false,none,true,false,clean_speech,baseline,clean,,false,
clip_0027_noisy_med,family_0027,script_0027,"I might have mixed up levothyroxine 75 mcg with lisinopril 10 mg this morning, and I want to know if I should monitor symptoms.",Xb7hH8MSUJpSbSDYk0k2,telephony,conversational,us,triage_call,medium,train,medium,true,false,none,true,false,noisy_environment,noisy,medium,,false,
clip_0027_noisy_high,family_0027,script_0027,"I might have mixed up levothyroxine 75 mcg with lisinopril 10 mg this morning, and I want to know if I should monitor symptoms.",onwK4e9ZLuTAKqWW03F9,telephony,stressed,us,urgent_symptom,hard,val,high,true,false,none,true,false,noisy_environment,noisy,high,,false,
clip_0027_accented,family_0027,script_0027,"I might have mixed up levothyroxine 75 mcg with lisinopril 10 mg this morning, and I want to know if I should monitor symptoms.",pNInz6obpgDQGcFmaJgB,accented,careful,indian_english,medication_question,medium,train,low,false,false,none,true,false,accented_speech,accented,clean,south_asian_english,false,
clip_0027_medical,family_0027,script_0027,"I might have mixed up levothyroxine 75 mcg with lisinopril 10 mg this morning, and I want to know if I should monitor symptoms.",CwhRBWXzGAHq8TQ4Fs17,clinical,clinical,us,medical_conversation,hard,test,medium,true,false,none,true,false,medical_conversation,medical,medium,,true,medication_safety
clip_0028_clean,family_0028,script_0028,"For pain control, I used tramadol 50 mg at 9 PM and acetaminophen 500 mg at midnight, and I still woke up with severe pain.",Xb7hH8MSUJpSbSDYk0k2,neutral,calm,us,medication_followup,easy,train,low,false,false,none,true,false,clean_speech,baseline,clean,,false,
clip_0028_noisy_med,family_0028,script_0028,"For pain control, I used tramadol 50 mg at 9 PM and acetaminophen 500 mg at midnight, and I still woke up with severe pain.",onwK4e9ZLuTAKqWW03F9,telephony,conversational,us,triage_call,medium,train,medium,true,false,none,true,false,noisy_environment,noisy,medium,,false,
clip_0028_noisy_high,family_0028,script_0028,"For pain control, I used tramadol 50 mg at 9 PM and acetaminophen 500 mg at midnight, and I still woke up with severe pain.",pNInz6obpgDQGcFmaJgB,telephony,stressed,us,urgent_symptom,hard,val,high,true,false,none,true,false,noisy_environment,noisy,high,,false,
clip_0028_accented,family_0028,script_0028,"For pain control, I used tramadol 50 mg at 9 PM and acetaminophen 500 mg at midnight, and I still woke up with severe pain.",CwhRBWXzGAHq8TQ4Fs17,accented,careful,indian_english,medication_question,medium,train,low,false,false,none,true,false,accented_speech,accented,clean,south_asian_english,false,
clip_0028_medical,family_0028,script_0028,"For pain control, I used tramadol 50 mg at 9 PM and acetaminophen 500 mg at midnight, and I still woke up with severe pain.",EXAVITQu4vr4xnSDxMaL,clinical,clinical,us,medical_conversation,hard,test,medium,true,false,none,true,false,medical_conversation,medical,medium,,true,medication_safety
clip_0029_clean,family_0029,script_0029,"I’m not sure if my refill was for metoprolol succinate or metoprolol tartrate, and the bottle label is hard to read.",onwK4e9ZLuTAKqWW03F9,neutral,calm,us,medication_followup,easy,train,low,false,false,none,true,true,clean_speech,baseline,clean,,false,
clip_0029_noisy_med,family_0029,script_0029,"I’m not sure if my refill was for metoprolol succinate or metoprolol tartrate, and the bottle label is hard to read.",pNInz6obpgDQGcFmaJgB,telephony,conversational,us,triage_call,medium,train,medium,true,false,none,true,true,noisy_environment,noisy,medium,,false,
clip_0029_noisy_high,family_0029,script_0029,"I’m not sure if my refill was for metoprolol succinate or metoprolol tartrate, and the bottle label is hard to read.",CwhRBWXzGAHq8TQ4Fs17,telephony,stressed,us,urgent_symptom,hard,val,high,true,false,none,true,true,noisy_environment,noisy,high,,false,
clip_0029_accented,family_0029,script_0029,"I’m not sure if my refill was for metoprolol succinate or metoprolol tartrate, and the bottle label is hard to read.",EXAVITQu4vr4xnSDxMaL,accented,careful,indian_english,medication_question,medium,train,low,false,false,none,true,true,accented_speech,accented,clean,south_asian_english,false,
clip_0029_medical,family_0029,script_0029,"I’m not sure if my refill was for metoprolol succinate or metoprolol tartrate, and the bottle label is hard to read.",FGY2WhTYpPnrIDTdsKH5,clinical,clinical,us,medical_conversation,hard,test,medium,true,false,none,true,true,medical_conversation,medical,medium,,true,medication_safety
clip_0030_clean,family_0030,script_0030,"I took prednisone yesterday and now my blood sugar is higher than usual, maybe around 210 instead of 140.",pNInz6obpgDQGcFmaJgB,neutral,calm,us,medication_followup,easy,train,low,false,true,duration_confusion,true,true,clean_speech,baseline,clean,,false,
clip_0030_noisy_med,family_0030,script_0030,"I took prednisone yesterday and now my blood sugar is higher than usual, maybe around 210 instead of 140.",CwhRBWXzGAHq8TQ4Fs17,telephony,conversational,us,triage_call,medium,train,medium,true,true,duration_confusion,true,true,noisy_environment,noisy,medium,,false,
clip_0030_noisy_high,family_0030,script_0030,"I took prednisone yesterday and now my blood sugar is higher than usual, maybe around 210 instead of 140.",EXAVITQu4vr4xnSDxMaL,telephony,stressed,us,urgent_symptom,hard,val,high,true,true,duration_confusion,true,true,noisy_environment,noisy,high,,false,
clip_0030_accented,family_0030,script_0030,"I took prednisone yesterday and now my blood sugar is higher than usual, maybe around 210 instead of 140.",FGY2WhTYpPnrIDTdsKH5,accented,careful,indian_english,medication_question,medium,train,low,false,true,duration_confusion,true,true,accented_speech,accented,clean,south_asian_english,false,
clip_0030_medical,family_0030,script_0030,"I took prednisone yesterday and now my blood sugar is higher than usual, maybe around 210 instead of 140.",IKne3meq5aSn9XLyUdCD,clinical,clinical,us,medical_conversation,hard,test,medium,true,true,duration_confusion,true,true,medical_conversation,medical,medium,,true,medication_safety
clip_0031_clean,family_0031,script_0031,"I’m calling because my parent may have taken 2 tablets of glipizide instead of 1 tablet this morning, and we need next-step guidance.",CwhRBWXzGAHq8TQ4Fs17,neutral,calm,us,medication_followup,easy,train,low,false,false,none,true,false,clean_speech,baseline,clean,,false,
clip_0031_noisy_med,family_0031,script_0031,"I’m calling because my parent may have taken 2 tablets of glipizide instead of 1 tablet this morning, and we need next-step guidance.",EXAVITQu4vr4xnSDxMaL,telephony,conversational,us,triage_call,medium,train,medium,true,false,none,true,false,noisy_environment,noisy,medium,,false,
clip_0031_noisy_high,family_0031,script_0031,"I’m calling because my parent may have taken 2 tablets of glipizide instead of 1 tablet this morning, and we need next-step guidance.",FGY2WhTYpPnrIDTdsKH5,telephony,stressed,us,urgent_symptom,hard,val,high,true,false,none,true,false,noisy_environment,noisy,high,,false,
clip_0031_accented,family_0031,script_0031,"I’m calling because my parent may have taken 2 tablets of glipizide instead of 1 tablet this morning, and we need next-step guidance.",IKne3meq5aSn9XLyUdCD,accented,careful,indian_english,medication_question,medium,train,low,false,false,none,true,false,accented_speech,accented,clean,south_asian_english,false,
clip_0031_medical,family_0031,script_0031,"I’m calling because my parent may have taken 2 tablets of glipizide instead of 1 tablet this morning, and we need next-step guidance.",JBFqnCBsd6RMkjVDRZzb,clinical,clinical,us,medical_conversation,hard,test,medium,true,false,none,true,false,medical_conversation,medical,medium,,true,medication_safety
clip_0032_clean,family_0032,script_0032,"I was told to taper off dexamethasone, but I’m confused whether the schedule is 4 days or 14 days at the lower dose.",EXAVITQu4vr4xnSDxMaL,neutral,calm,us,medication_followup,easy,train,low,false,false,none,false,false,clean_speech,baseline,clean,,false,
clip_0032_noisy_med,family_0032,script_0032,"I was told to taper off dexamethasone, but I’m confused whether the schedule is 4 days or 14 days at the lower dose.",FGY2WhTYpPnrIDTdsKH5,telephony,conversational,us,triage_call,medium,train,medium,true,false,none,false,false,noisy_environment,noisy,medium,,false,
clip_0032_noisy_high,family_0032,script_0032,"I was told to taper off dexamethasone, but I’m confused whether the schedule is 4 days or 14 days at the lower dose.",IKne3meq5aSn9XLyUdCD,telephony,stressed,us,urgent_symptom,hard,val,high,true,false,none,false,false,noisy_environment,noisy,high,,false,
clip_0032_accented,family_0032,script_0032,"I was told to taper off dexamethasone, but I’m confused whether the schedule is 4 days or 14 days at the lower dose.",JBFqnCBsd6RMkjVDRZzb,accented,careful,indian_english,medication_question,medium,train,low,false,false,none,false,false,accented_speech,accented,clean,south_asian_english,false,
clip_0032_medical,family_0032,script_0032,"I was told to taper off dexamethasone, but I’m confused whether the schedule is 4 days or 14 days at the lower dose.",N2lVS1w4EtoT3dr4eOWO,clinical,clinical,us,medical_conversation,hard,test,medium,true,false,none,false,false,medical_conversation,medical,medium,,true,medication_safety
clip_0033_clean,family_0033,script_0033,"I felt chest tightness after taking a new medication, maybe propranolol or maybe pregabalin, and I’m worried I chose the wrong bottle.",FGY2WhTYpPnrIDTdsKH5,neutral,calm,us,medication_followup,easy,train,low,false,false,none,false,true,clean_speech,baseline,clean,,false,
clip_0033_noisy_med,family_0033,script_0033,"I felt chest tightness after taking a new medication, maybe propranolol or maybe pregabalin, and I’m worried I chose the wrong bottle.",IKne3meq5aSn9XLyUdCD,telephony,conversational,us,triage_call,medium,train,medium,true,false,none,false,true,noisy_environment,noisy,medium,,false,
clip_0033_noisy_high,family_0033,script_0033,"I felt chest tightness after taking a new medication, maybe propranolol or maybe pregabalin, and I’m worried I chose the wrong bottle.",JBFqnCBsd6RMkjVDRZzb,telephony,stressed,us,urgent_symptom,hard,val,high,true,false,none,false,true,noisy_environment,noisy,high,,false,
clip_0033_accented,family_0033,script_0033,"I felt chest tightness after taking a new medication, maybe propranolol or maybe pregabalin, and I’m worried I chose the wrong bottle.",N2lVS1w4EtoT3dr4eOWO,accented,careful,indian_english,medication_question,medium,train,low,false,false,none,false,true,accented_speech,accented,clean,south_asian_english,false,
clip_0033_medical,family_0033,script_0033,"I felt chest tightness after taking a new medication, maybe propranolol or maybe pregabalin, and I’m worried I chose the wrong bottle.",SAz9YHcvj6GT2YYXdXww,clinical,clinical,us,medical_conversation,hard,test,medium,true,false,none,false,true,medical_conversation,medical,medium,,true,medication_safety
clip_0034_clean,family_0034,script_0034,"My post-op instructions say oxycodone 5 mg every 8 hours, but I wrote down 18 hours by mistake and I want to verify the interval.",IKne3meq5aSn9XLyUdCD,neutral,calm,us,medication_followup,easy,train,low,false,false,none,true,false,clean_speech,baseline,clean,,false,
clip_0034_noisy_med,family_0034,script_0034,"My post-op instructions say oxycodone 5 mg every 8 hours, but I wrote down 18 hours by mistake and I want to verify the interval.",JBFqnCBsd6RMkjVDRZzb,telephony,conversational,us,triage_call,medium,train,medium,true,false,none,true,false,noisy_environment,noisy,medium,,false,
clip_0034_noisy_high,family_0034,script_0034,"My post-op instructions say oxycodone 5 mg every 8 hours, but I wrote down 18 hours by mistake and I want to verify the interval.",N2lVS1w4EtoT3dr4eOWO,telephony,stressed,us,urgent_symptom,hard,val,high,true,false,none,true,false,noisy_environment,noisy,high,,false,
clip_0034_accented,family_0034,script_0034,"My post-op instructions say oxycodone 5 mg every 8 hours, but I wrote down 18 hours by mistake and I want to verify the interval.",SAz9YHcvj6GT2YYXdXww,accented,careful,indian_english,medication_question,medium,train,low,false,false,none,true,false,accented_speech,accented,clean,south_asian_english,false,
clip_0034_medical,family_0034,script_0034,"My post-op instructions say oxycodone 5 mg every 8 hours, but I wrote down 18 hours by mistake and I want to verify the interval.",Xb7hH8MSUJpSbSDYk0k2,clinical,clinical,us,medical_conversation,hard,test,medium,true,false,none,true,false,medical_conversation,medical,medium,,true,medication_safety
clip_0035_clean,family_0035,script_0035,I may be allergic to cephalexin because I developed lip swelling about 30 minutes after the second dose.,JBFqnCBsd6RMkjVDRZzb,neutral,calm,us,medication_followup,easy,train,low,false,false,none,false,false,clean_speech,baseline,clean,,false,
clip_0035_noisy_med,family_0035,script_0035,I may be allergic to cephalexin because I developed lip swelling about 30 minutes after the second dose.,N2lVS1w4EtoT3dr4eOWO,telephony,conversational,us,triage_call,medium,train,medium,true,false,none,false,false,noisy_environment,noisy,medium,,false,
clip_0035_noisy_high,family_0035,script_0035,I may be allergic to cephalexin because I developed lip swelling about 30 minutes after the second dose.,SAz9YHcvj6GT2YYXdXww,telephony,stressed,us,urgent_symptom,hard,val,high,true,false,none,false,false,noisy_environment,noisy,high,,false,
clip_0035_accented,family_0035,script_0035,I may be allergic to cephalexin because I developed lip swelling about 30 minutes after the second dose.,Xb7hH8MSUJpSbSDYk0k2,accented,careful,indian_english,medication_question,medium,train,low,false,false,none,false,false,accented_speech,accented,clean,south_asian_english,false,
clip_0035_medical,family_0035,script_0035,I may be allergic to cephalexin because I developed lip swelling about 30 minutes after the second dose.,onwK4e9ZLuTAKqWW03F9,clinical,clinical,us,medical_conversation,hard,test,medium,true,false,none,false,false,medical_conversation,medical,medium,,true,medication_safety
clip_0036_clean,family_0036,script_0036,"I’ve had persistent dizziness for two days after increasing amlodipine from 5 mg to 10 mg, and I need to confirm if I should return to the prior dose.",N2lVS1w4EtoT3dr4eOWO,neutral,calm,us,medication_followup,easy,train,low,false,false,none,true,false,clean_speech,baseline,clean,,false,
clip_0036_noisy_med,family_0036,script_0036,"I’ve had persistent dizziness for two days after increasing amlodipine from 5 mg to 10 mg, and I need to confirm if I should return to the prior dose.",SAz9YHcvj6GT2YYXdXww,telephony,conversational,us,triage_call,medium,train,medium,true,false,none,true,false,noisy_environment,noisy,medium,,false,
clip_0036_noisy_high,family_0036,script_0036,"I’ve had persistent dizziness for two days after increasing amlodipine from 5 mg to 10 mg, and I need to confirm if I should return to the prior dose.",Xb7hH8MSUJpSbSDYk0k2,telephony,stressed,us,urgent_symptom,hard,val,high,true,false,none,true,false,noisy_environment,noisy,high,,false,
clip_0036_accented,family_0036,script_0036,"I’ve had persistent dizziness for two days after increasing amlodipine from 5 mg to 10 mg, and I need to confirm if I should return to the prior dose.",onwK4e9ZLuTAKqWW03F9,accented,careful,indian_english,medication_question,medium,train,low,false,false,none,true,false,accented_speech,accented,clean,south_asian_english,false,
clip_0036_medical,family_0036,script_0036,"I’ve had persistent dizziness for two days after increasing amlodipine from 5 mg to 10 mg, and I need to confirm if I should return to the prior dose.",pNInz6obpgDQGcFmaJgB,clinical,clinical,us,medical_conversation,hard,test,medium,true,false,none,true,false,medical_conversation,medical,medium,,true,medication_safety
clip_0037_clean,family_0037,script_0037,"I am comparing two similar names on my list, clonazepam and clindamycin, and I want to confirm which one is for anxiety versus infection.",SAz9YHcvj6GT2YYXdXww,neutral,calm,us,medication_followup,easy,train,low,false,false,none,false,false,clean_speech,baseline,clean,,false,
clip_0037_noisy_med,family_0037,script_0037,"I am comparing two similar names on my list, clonazepam and clindamycin, and I want to confirm which one is for anxiety versus infection.",Xb7hH8MSUJpSbSDYk0k2,telephony,conversational,us,triage_call,medium,train,medium,true,false,none,false,false,noisy_environment,noisy,medium,,false,
clip_0037_noisy_high,family_0037,script_0037,"I am comparing two similar names on my list, clonazepam and clindamycin, and I want to confirm which one is for anxiety versus infection.",onwK4e9ZLuTAKqWW03F9,telephony,stressed,us,urgent_symptom,hard,val,high,true,false,none,false,false,noisy_environment,noisy,high,,false,
clip_0037_accented,family_0037,script_0037,"I am comparing two similar names on my list, clonazepam and clindamycin, and I want to confirm which one is for anxiety versus infection.",pNInz6obpgDQGcFmaJgB,accented,careful,indian_english,medication_question,medium,train,low,false,false,none,false,false,accented_speech,accented,clean,south_asian_english,false,
clip_0037_medical,family_0037,script_0037,"I am comparing two similar names on my list, clonazepam and clindamycin, and I want to confirm which one is for anxiety versus infection.",CwhRBWXzGAHq8TQ4Fs17,clinical,clinical,us,medical_conversation,hard,test,medium,true,false,none,false,false,medical_conversation,medical,medium,,true,medication_safety
clip_0038_clean,family_0038,script_0038,"My child took acetaminophen at 7 PM and then ibuprofen at 8 PM, and I’m unsure if that spacing is safe.",Xb7hH8MSUJpSbSDYk0k2,neutral,calm,us,medication_followup,easy,train,low,false,false,none,true,false,clean_speech,baseline,clean,,false,
clip_0038_noisy_med,family_0038,script_0038,"My child took acetaminophen at 7 PM and then ibuprofen at 8 PM, and I’m unsure if that spacing is safe.",onwK4e9ZLuTAKqWW03F9,telephony,conversational,us,triage_call,medium,train,medium,true,false,none,true,false,noisy_environment,noisy,medium,,false,
clip_0038_noisy_high,family_0038,script_0038,"My child took acetaminophen at 7 PM and then ibuprofen at 8 PM, and I’m unsure if that spacing is safe.",pNInz6obpgDQGcFmaJgB,telephony,stressed,us,urgent_symptom,hard,val,high,true,false,none,true,false,noisy_environment,noisy,high,,false,
clip_0038_accented,family_0038,script_0038,"My child took acetaminophen at 7 PM and then ibuprofen at 8 PM, and I’m unsure if that spacing is safe.",CwhRBWXzGAHq8TQ4Fs17,accented,careful,indian_english,medication_question,medium,train,low,false,false,none,true,false,accented_speech,accented,clean,south_asian_english,false,
clip_0038_medical,family_0038,script_0038,"My child took acetaminophen at 7 PM and then ibuprofen at 8 PM, and I’m unsure if that spacing is safe.",EXAVITQu4vr4xnSDxMaL,clinical,clinical,us,medical_conversation,hard,test,medium,true,false,none,true,false,medical_conversation,medical,medium,,true,medication_safety
clip_0039_clean,family_0039,script_0039,I need to verify whether my cardiology note says apixaban 2.5 mg twice daily or 5 mg twice daily before I travel tomorrow.,onwK4e9ZLuTAKqWW03F9,neutral,calm,us,medication_followup,easy,train,low,false,false,none,false,false,clean_speech,baseline,clean,,false,
clip_0039_noisy_med,family_0039,script_0039,I need to verify whether my cardiology note says apixaban 2.5 mg twice daily or 5 mg twice daily before I travel tomorrow.,pNInz6obpgDQGcFmaJgB,telephony,conversational,us,triage_call,medium,train,medium,true,false,none,false,false,noisy_environment,noisy,medium,,false,
clip_0039_noisy_high,family_0039,script_0039,I need to verify whether my cardiology note says apixaban 2.5 mg twice daily or 5 mg twice daily before I travel tomorrow.,CwhRBWXzGAHq8TQ4Fs17,telephony,stressed,us,urgent_symptom,hard,val,high,true,false,none,false,false,noisy_environment,noisy,high,,false,
clip_0039_accented,family_0039,script_0039,I need to verify whether my cardiology note says apixaban 2.5 mg twice daily or 5 mg twice daily before I travel tomorrow.,EXAVITQu4vr4xnSDxMaL,accented,careful,indian_english,medication_question,medium,train,low,false,false,none,false,false,accented_speech,accented,clean,south_asian_english,false,
clip_0039_medical,family_0039,script_0039,I need to verify whether my cardiology note says apixaban 2.5 mg twice daily or 5 mg twice daily before I travel tomorrow.,FGY2WhTYpPnrIDTdsKH5,clinical,clinical,us,medical_conversation,hard,test,medium,true,false,none,false,false,medical_conversation,medical,medium,,true,medication_safety
clip_0040_clean,family_0040,script_0040,"I have clear instructions to take warfarin 4 mg nightly and check INR every Monday, and today’s INR was 2.3.",pNInz6obpgDQGcFmaJgB,neutral,calm,us,medication_followup,easy,train,low,false,false,none,true,false,clean_speech,baseline,clean,,false,
clip_0040_noisy_med,family_0040,script_0040,"I have clear instructions to take warfarin 4 mg nightly and check INR every Monday, and today’s INR was 2.3.",CwhRBWXzGAHq8TQ4Fs17,telephony,conversational,us,triage_call,medium,train,medium,true,false,none,true,false,noisy_environment,noisy,medium,,false,
clip_0040_noisy_high,family_0040,script_0040,"I have clear instructions to take warfarin 4 mg nightly and check INR every Monday, and today’s INR was 2.3.",EXAVITQu4vr4xnSDxMaL,telephony,stressed,us,urgent_symptom,hard,val,high,true,false,none,true,false,noisy_environment,noisy,high,,false,
clip_0040_accented,family_0040,script_0040,"I have clear instructions to take warfarin 4 mg nightly and check INR every Monday, and today’s INR was 2.3.",FGY2WhTYpPnrIDTdsKH5,accented,careful,indian_english,medication_question,medium,train,low,false,false,none,true,false,accented_speech,accented,clean,south_asian_english,false,
clip_0040_medical,family_0040,script_0040,"I have clear instructions to take warfarin 4 mg nightly and check INR every Monday, and today’s INR was 2.3.",IKne3meq5aSn9XLyUdCD,clinical,clinical,us,medical_conversation,hard,test,medium,true,false,none,true,false,medical_conversation,medical,medium,,true,medication_safety
